aula_codice,aula_nome,aula_indirizzo,aula_piano,lat,lon
716_WP01_060-061,AULA B BELMELORO,"VIA Belmeloro, 14 - Bologna",Piano Primo,44.4951641,11.3561717
716_WPTE_050-051,AULA A BELMELORO,"VIA Belmeloro, 14 - Bologna",Piano Terra,44.4951641,11.3561717
179_WPTE_009,AULA A S.CRISTINA,"Piazzetta G. Morandi, 2 - Bologna",Piano Terra,44.4936714,11.3430347
716_WP01_054-055,AULA C BELMELORO,"VIA Belmeloro, 14 - Bologna",Piano Primo,44.4951641,11.3561717
716_WPTE_045,AULA G BELMELORO,"VIA Belmeloro, 14 - Bologna",Piano Terra,44.4951641,11.3561717
716_WP01_052-053,AULA D BELMELORO,"VIA Belmeloro, 14 - Bologna",Piano Primo,44.4951641,11.3561717
716_WP02_094-095,AULA F BELMELORO,"VIA Belmeloro, 14 - Bologna",Piano Secondo,44.4951641,11.3561717
716_WP02_096-097,AULA E BELMELORO,"VIA Belmeloro, 14 - Bologna",Piano Secondo,44.4951641,11.3561717
707_WP01_020,AULA MAGNA,"VIA Belmeloro, 10-12 - Bologna",Piano Primo,44.49579,11.3528917
151_WP01_048,SALA DELLE FESTE,"VIA Zamboni, 22 - Bologna",Piano Primo,44.4957454,11.3490839
707_WP01_019,AULA 2,"VIA Belmeloro, 10-12 - Bologna",Piano Primo,44.49579,11.3528917
151_WP02_048,AULA GRANDE,"VIA Zamboni, 22 - Bologna",Piano Secondo,44.4957454,11.3490839
151_WP02_047,AULA 22,"VIA Zamboni, 22 - Bologna",Piano Secondo,44.4957454,11.3490839
1_WPTE_1/059,AULA V,"VIA Zamboni, 33 - Bologna",Piano Terra,44.4968718,11.3524529
219_WS01_128,AULA B BERTI PICHAT,"VIALE Carlo Berti Pichat, 6-6/2 - Bologna",Piano Primo Interrato,44.5009948,11.3559862
151_WPTE_2,AULA 2,"VIA Zamboni, 22 - Bologna",Piano Terra,44.4957454,11.3490839
151_WPTE_4,AULA 4,"VIA Zamboni, 22 - Bologna",Piano Terra,44.4957454,11.3490839
716_WP01_074-075,AULA I BELMELORO,"VIA Belmeloro, 14 - Bologna",Piano Primo,44.4951641,11.3561717
716_WP01_072-073,AULA H BELMELORO,"VIA Belmeloro, 14 - Bologna",Piano Primo,44.4951641,11.3561717
151_WPTE_002,AULA 1,"Via Zamboni, 22 - Bologna",Piano Terra,44.4957454,11.3490839
151_WPTE_6,AULA 6,"VIA Zamboni, 22 - Bologna",Piano Terra,44.4957454,11.3490839
151_WP01_068,AULA 19,"VIA Zamboni, 22 - Bologna",Piano Primo,44.4957454,11.3490839
716_WP02_084-085,AULA L BELMELORO,"VIA Belmeloro, 14 - Bologna",Piano Secondo,44.4951641,11.3561717
151_WPTE_033,AULA3 BALDISERRI,"VIA Zamboni, 22 - Bologna",Piano Terra,44.4957454,11.3490839
171_WPTE_007,AULA 4,"STRADA Maggiore, 45 - Bologna",Piano Terra,44.490997,11.3538015
171_WPTE_062,AULA 5,"STRADA Maggiore, 45 - Bologna",Piano Terra,44.490997,11.3538015
775_WPTE_026,"AULA MAGNA (accesso da Via Oberdan, 1)","PIAZZA Duomo, 4 - Ravenna",Piano Terra,44.4157811,12.1962070112652
775_WP01_003,"AULA 3 (accesso da Via Oberdan, 1)","PIAZZA Duomo, 4 - Ravenna",Piano Primo,44.4157811,12.1962070112652
775_WP01_001,"AULA 1 (accesso da Via Oberdan, 1)","PIAZZA Duomo, 4 - Ravenna",Piano Primo,44.4157811,12.1962070112652
775_WP01_002,"AULA 2 (accesso da Via Oberdan, 1)","PIAZZA Duomo, 4 - Ravenna",Piano Primo,44.4157811,12.1962070112652
775_WPTE_009,"AULA 9 (accesso da Via Oberdan, 1)","PIAZZA Duomo, 4 - Ravenna",Piano Terra,44.4157811,12.1962070112652
775_WPTE_007,"AULA 7 (accesso da Via Oberdan, 1)","PIAZZA Duomo, 4 - Ravenna",Piano Terra,44.4157811,12.1962070112652
775_WP01_016,"LABORATORIO INFORMATICO (accesso da Via Oberdan, 1)","PIAZZA Duomo, 4 - Ravenna",Piano Primo,44.4157811,12.1962070112652
775_WPTE_008,"AULA 8 (accesso da Via Oberdan, 1)","PIAZZA Duomo, 4 - Ravenna",Piano Terra,44.4157811,12.1962070112652
775_WP01_004,"AULA 4 (accesso da Via Oberdan, 1)","PIAZZA Duomo, 4 - Ravenna",Piano Primo,44.4157811,12.1962070112652
775_WPTE_005,"AULA 5 (accesso da Via Oberdan, 1)","PIAZZA Duomo, 4 - Ravenna",Piano Terra,44.4157811,12.1962070112652
82_WP02_018,AULA A,VIA Cavalcavia 61 e 55 - Cesena,Piano Secondo,44.136352,12.2422442
82_WPTE_001,LABORATORIO DIDATTICO A-B,VIA Cavalcavia 61 e 55 - Cesena,Piano Terra,44.136352,12.2422442
82_WP02_037,AULA B,VIA Cavalcavia 61 e 55 - Cesena,Piano Secondo,44.136352,12.2422442
83_WP01_038,AULA C,"VIALE Europa, 596 - Cesena",Piano Primo,44.1452873,12.2420874
83_WP01_022,LABORATORIO DIDATTICO A,"VIALE Europa, 596 - Cesena",Piano Primo,44.1452873,12.2420874
83_WP01_024,LABORATORIO DIDATTICO B,"VIALE Europa, 596 - Cesena",Piano Primo,44.1452873,12.2420874
83_WP02_027,LABORATORIO DIDATTICO A,"VIALE Europa, 596 - Cesena",Piano Secondo,44.1452873,12.2420874
83_WP02_036,LABORATORIO DIDATTICO B,"VIALE Europa, 596 - Cesena",Piano Secondo,44.1452873,12.2420874
83_WP02_073,AULA D,"VIALE Europa, 596 - Cesena",Piano Secondo,44.1452873,12.2420874
82_WP01_014,LABORATORIO DIDATTICO A,VIA Cavalcavia 61 e 55 - Cesena,Piano Primo,44.136352,12.2422442
82_WP01_021,LABORATORIO DIDATTICO B,VIA Cavalcavia 61 e 55 - Cesena,Piano Primo,44.136352,12.2422442
83_WP03_020,LABORATORIO CAD,"VIALE Europa, 596 - Cesena",Piano Terzo,44.1452873,12.2420874
82_WS01_014,AULA F,VIA Cavalcavia 61 e 55 - Cesena,Piano Primo Interrato,44.136352,12.2422442
69_WP01_006,AULA 1,"VIALE Europa, 980 - Cesena",Piano Primo,44.1437137,12.2379971
401_WPTE_019,AULA IX,"VIALE del Risorgimento, 4 - Bologna",Piano Terra,44.4873268,11.3280693
401_WP01_045,AULA IV,"VIALE del Risorgimento, 4 - Bologna",Piano Primo,44.4873268,11.3280693
401_WPTE_021,AULA VIII,"VIALE del Risorgimento, 4 - Bologna",Piano Terra,44.4873268,11.3280693
401_WPTE_044,AULA II,"VIALE del Risorgimento, 4 - Bologna",Piano Terra,44.4873268,11.3280693
401_WPTE_039,AULA III,"VIALE del Risorgimento, 4 - Bologna",Piano Terra,44.4873268,11.3280693
409_WS01_010,AULA VI,"VIALE del Risorgimento, 4 - Bologna",Piano Primo Interrato,44.4873268,11.3280693
229_WP05_I5,AULA ARZELA',"PIAZZA di Porta San Donato, 5 - Bologna",Piano Quinto,44.49795525,11.3558835582535
229_WP03_E2,AULA BOMBELLI,"PIAZZA di Porta San Donato, 5 - Bologna",Piano Terzo,44.49795525,11.3558835582535
191_WP01_A11,AULA 11,"PIAZZA Antonino Scaravilli, 1-2 - Bologna",Piano Primo,44.49711255,11.35226629833
191_WPTE_037,AULA 2,"PIAZZA Antonino Scaravilli, 1-2 - Bologna",Piano Terra,44.49711255,11.35226629833
191_WP01_080,LABORATORIO INF. AB,"PIAZZA Antonino Scaravilli, 1-2 - Bologna",Piano Primo,44.49711255,11.35226629833
191_WP01_080A,LABORATORIO INF. C,"PIAZZA Antonino Scaravilli, 1-2 - Bologna",Piano Primo,44.49711255,11.35226629833
191_WP02_A22,AULA 22,"PIAZZA Antonino Scaravilli, 1-2 - Bologna",Piano Secondo,44.49711255,11.35226629833
191_WP01_A12,AULA 12,"PIAZZA Antonino Scaravilli, 1-2 - Bologna",Piano Primo,44.49711255,11.35226629833
219_WPTE_026,"AULA V (Accesso da Via Ranzani, 1)","VIALE Carlo Berti Pichat, 6-6/2 - Bologna",Piano Terra,44.5009948,11.3559862
219_WPTE_031,"AULA VIII (Accesso da Via Ranzani, 1)","VIALE Carlo Berti Pichat, 6-6/2 - Bologna",Piano Terra,44.5009948,11.3559862
193_WP02_037,AULA III,"VIA delle Belle Arti, 41 - Bologna",Piano Secondo,44.497721,11.3521483
191_WPTE_031,AULA 1,"PIAZZA Antonino Scaravilli, 1-2 - Bologna",Piano Terra,44.49711255,11.35226629833
105_WPTE_017,AULA S. GIACOMO,"VIA San Giacomo, 3 - Bologna",Piano Terra,44.4969344,11.3536668
191_WPTE_057,AULA 5,"PIAZZA Antonino Scaravilli, 1-2 - Bologna",Piano Terra,44.49711255,11.35226629833
191_WPTE_050,AULA 4,"PIAZZA Antonino Scaravilli, 1-2 - Bologna",Piano Terra,44.49711255,11.35226629833
191_WP03_032,AULA 32,"PIAZZA Antonino Scaravilli, 1-2 - Bologna",Piano Terzo,44.49711255,11.35226629833
193_WPTE_008,AULA II,"VIA delle Belle Arti, 41 - Bologna",Piano Terra,44.497721,11.3521483
715_WPTE_011,AULA FILOPANTI,"VIALE Quirico Filopanti, 5 - Bologna",Piano Terra,44.4956049,11.356636
191_WP02_A21,AULA 21,"PIAZZA Antonino Scaravilli, 1-2 - Bologna",Piano Secondo,44.49711255,11.35226629833
191_WP03_031,AULA 31,"PIAZZA Antonino Scaravilli, 1-2 - Bologna",Piano Terzo,44.49711255,11.35226629833
193_WPTE_032,AULA I,"VIA delle Belle Arti, 41 - Bologna",Piano Terra,44.497721,11.3521483
191_WPTE_027,AULA 3,"PIAZZA Antonino Scaravilli, 1-2 - Bologna",Piano Terra,44.49711255,11.35226629833
219_WPTE_027,"AULA VI (Accesso da Via Ranzani, 1)","VIALE Carlo Berti Pichat, 6-6/2 - Bologna",Piano Terra,44.5009948,11.3559862
219_WP01_155,"LAB G (Accesso da Via Ranzani, 1)","VIALE Carlo Berti Pichat, 6-6/2 - Bologna",Piano Primo,44.5009948,11.3559862
195_WP04_002,AULA BIGIAVI,"VIA delle Belle Arti, 33 - Bologna",Piano Quarto,44.4977238,11.3518198
219_WPTE_028,"AULA VII (Accesso da Via Ranzani, 1)","VIALE Carlo Berti Pichat, 6-6/2 - Bologna",Piano Terra,44.5009948,11.3559862
193_WP02_038,AULA IV,"VIA delle Belle Arti, 41 - Bologna",Piano Secondo,44.497721,11.3521483
105_WP01_023,AULA RIUNIONI SAN GIACOMO,"VIA San Giacomo, 3 - Bologna",Piano Primo,44.4969344,11.3536668
191_WP01_033,AULA MAGNA,"PIAZZA Antonino Scaravilli, 1-2 - Bologna",Piano Primo,44.49711255,11.35226629833
188_WP01_027,RANZANI C,"VIA Camillo Ranzani, 14 - Bologna",Piano Primo,44.5015715,11.3588197
219_WP01_148,"LAB T (Accesso da Via Ranzani, 1)","VIALE Carlo Berti Pichat, 6-6/2 - Bologna",Piano Primo,44.5009948,11.3559862
TRE_AULA6,AULA 6 TH,"Viale Corridoni, 20 - Forlì",,44.2161182,12.0391188
59_WP02_207,AULA 1,"PIAZZALE della Vittoria, 8 - 15 - Forlì",Piano Secondo,44.2186159,12.0493701
TRE_AULA16,AULA 16 TH,"Viale Corridoni, 20 - Forlì",,44.2161182,12.0391188
TRE_AULA15,AULA 15 TH,"Viale Corridoni, 20 - Forlì	",,44.2161182,12.0391188
59_WP02_201,MATTARELLI,"PIAZZALE della Vittoria, 8 - 15 - Forlì",Piano Secondo,44.2186159,12.0493701
TRE_AULA8,AULA 8 TH,"Viale Corridoni, 20 - Forlì",,44.2161182,12.0391188
TRE_AULA11,AULA 11 TH,"Viale Corridoni, 20 - Forlì",,44.2161182,12.0391188
TRE_AULA4,AULA 4 TH,"Viale Corridoni, 20 - Forlì	",,44.2161182,12.0391188
59_WPTE_T11,AULA 4,"PIAZZALE della Vittoria, 8 - 15 - Forlì",Piano Terra,44.2186159,12.0493701
59_WPTE_T15,AULA 2,"PIAZZALE della Vittoria, 8 - 15 - Forlì",Piano Terra,44.2186159,12.0493701
59_WPTE_T12,AULA 3,"PIAZZALE della Vittoria, 8 - 15 - Forlì",Piano Terra,44.2186159,12.0493701
716_WP02_087-088,AULA M BELMELORO,"VIA Belmeloro, 14 - Bologna",Piano Secondo,44.4951641,11.3561717
772_WP01_001,AULA 1.1,"VIA Tombesi dall'Ova, 55 - Ravenna",Piano Primo,44.4148583,12.2014041
772_WPTE_024,AULA 1.0,"VIA Tombesi dall'Ova, 55 - Ravenna",Piano Terra,44.4148583,12.2014041
772_WP02_014,AULA 1.2,"VIA Tombesi dall'Ova, 55 - Ravenna",Piano Secondo,44.4148583,12.2014041
331_WP01_019,AULA 5.7,"VIALE Risorgimento, 2 - Bologna",Piano Primo,44.3406208,11.2044719
331_WPTE_120,AULA 4.1,"VIALE Risorgimento, 2 - Bologna",Piano Terra,44.3406208,11.2044719
331_WP02_008,AULA 2.7A,"VIALE Risorgimento, 2 - Bologna",Piano Secondo,44.3406208,11.2044719
331_WPTE_037,LAB 2,"VIALE Risorgimento, 2 - Bologna",Piano Terra,44.3406208,11.2044719
6083_WP01_003,AULA G1P,"VIA Genova, 181 - Cesena",Piano Primo,44.15200875,12.2405674545579
6083_WPTE_001,AULA GPT,"VIA Genova, 181 - Cesena",Piano Terra,44.15200875,12.2405674545579
85_WPTE_008,LABORATORIO INFORMATICO VELA,"VIA Venezia, 42-52-62 - Cesena",Piano Terra,44.136352,12.2422442
62_WPTE_026,AULA A4,"VIALE Rasi Spinelli, 176 - Cesena",Piano Terra,44.136352,12.2422442
85_WP01_026,LABORATORIO BIOMEDICA LIB,"VIA Venezia, 42-52-62 - Cesena",Piano Primo,44.136352,12.2422442
91_WPTE_012,LELE - Lab. Ing. elettronica e telecomunicazioni,VIA Venezia - Cavalcavia vari - Cesena,Piano Terra,44.136352,12.2422442
347_WPTE_022,AULA A/1,"Via Fontanelle , 40 - Forlì",Piano Terra,44.2003532,12.0633312
347_WPTE_019,AULA B/1,"VIA Fontanelle, 40 - Forlì",Piano Terra,44.2003532,12.0633312
TRE_AULA 3,AULA 3 TH,"Viale Corridoni, 20 - Forlì",,44.2161182,12.0391188
352_WPTE_021,AULA1 ITAER,"VIA Fontanelle, 51 - Forlì",Piano Terra,44.2003532,12.0633312
352_WPTE_004,AULA DISEGNO ITAER,"VIA Fontanelle, 51 - Forlì",Piano Terra,44.2003532,12.0633312
351_WPTE_021,AULA INF. LT,"VIA Fontanelle, 40 - Forlì",Piano Terra,44.2003532,12.0633312
352_WPTE_001,AULA 2 ITAER,"VIA Fontanelle, 51 - Forlì",Piano Terra,44.2003532,12.0633312
347_WPTE_023,AULA 5,"VIA Fontanelle, 40 - Forlì",Piano Terra,44.2003532,12.0633312
347_WP01_006,AULA MAGNA,"VIA Fontanelle, 40 - Forlì",Piano Primo,44.2003532,12.0633312
347_WPTE_028,AULA 2,"VIA Fontanelle, 40 - Forlì",Piano Terra,44.2003532,12.0633312
351_WPTE_017,AULA INF. LM,"VIA Fontanelle, 40 - Forlì",Piano Terra,44.2003532,12.0633312
347_WPTE_021,AULA 4,"VIA Fontanelle, 40 - Forlì",Piano Terra,44.2003532,12.0633312
101_WP01_005,AULA III,"VIA Zamboni, 38 - Bologna",Piano Primo,44.4968056,11.3519482
NOS_SALABERTI,SALA BERTI,"Via Ludovico Berti, 2/7 - Bologna	",Piano Terra,44.4936714,11.3430347
102_WP01_009,SALONE MARESCOTTI,"VIA Barberia, 4-4/2 - Bologna",Piano Primo,44.4921865,11.337742
179_WPTE_057,AULA MAGNA,"PIAZZETTA G. Morandi, 2 - Bologna",Piano Terra,44.4936714,11.3430347
179_WPTE_030,AULA 2,"PIAZZETTA G. Morandi, 2 - Bologna",Piano Terra,44.4936714,11.3430347
133_WP01_068,"AULA A (Accesso da Via Zamboni, 34)","VIA Zamboni, 34, 36 - Bologna",Piano Primo,44.4936714,11.3430347
101_WP02_003,AULA TIBILETTI,"VIA Zamboni, 38 - Bologna",Piano Secondo,44.4968056,11.3519482
133_WP01_066,"AULA B (Accesso da Via Zamboni, 34)","VIA Zamboni, 34, 36 - Bologna",Piano Primo,44.4936714,11.3430347
101_WP02_008,AULA V,"VIA Zamboni, 38 - Bologna",Piano Secondo,44.4968056,11.3519482
102_WPTE_030,AULA FERRERO,"VIA Barberia, 4-4/2 - Bologna",Piano Terra,44.4921865,11.337742
109_WPTE_014,"AULA C (Accesso da via Centotrecento, 18)","VIA Centotrecento, 18 - Bologna",Piano Terra,44.4987752,11.3508327
102_WPTE_035,AULA CRUCIANI,"VIA Barberia, 4-4/2 - Bologna",Piano Terra,44.4921865,11.337742
102_WPTE_048,AULA LEYDI,"VIA Barberia, 4-4/2 - Bologna",Piano Terra,44.4921865,11.337742
102_WP01_005,AULA COLONNE,"VIA Barberia, 4-4/2 - Bologna",Piano Primo,44.4921865,11.337742
102_WP01_060,AULA DONATONI,"VIA Barberia, 4-4/2 - Bologna",Piano Primo,44.4921865,11.337742
101_WP02_018,AULA IV,"VIA Zamboni, 38 - Bologna",Piano Secondo,44.4968056,11.3519482
179_WPTE_016,AULA 6,"Piazzetta G. Morandi, 2 - Bologna",Piano Terra,44.4936714,11.3430347
100_WP01_038,AULA FUMAGALLI,"PIAZZA S.Giovanni in Monte, 2 - Bologna",Piano Primo,44.4906548,11.3482283
101_WP01_003,AULA II,"VIA Zamboni, 38 - Bologna",Piano Primo,44.4968056,11.3519482
101_WPTE_003,AULA VI,"VIA Zamboni, 38 - Bologna",Piano Terra,44.4968056,11.3519482
133_WPTE_051,"LAB. GRANDE (Accesso da Via Zamboni, 34)","VIA Zamboni, 34, 36 - Bologna",Piano Terra,44.4936714,11.3430347
109_WPTE_010,"AULA D (Accesso da via Centotrecento, 18)","VIA Centotrecento, 18 - Bologna",Piano Terra,44.4987752,11.3508327
179_WPTE_025,AULA 4,"PIAZZETTA G. Morandi, 2 - Bologna",Piano Terra,44.4936714,11.3430347
102_WP01_007,AULA DIONISIO FANCIULLO,"VIA Barberia, 4-4/2 - Bologna",Piano Primo,44.4921865,11.337742
70_WPTE_008,"AULA D (Accesso da via Azzo Gardino, 23)","VIA Azzo Gardino, 19-23-25-27-29 - Bologna",Piano Terra,44.4936714,11.3430347
101_WP01_008,AULA I,"VIA Zamboni, 38 - Bologna",Piano Primo,44.4968056,11.3519482
100_WP02_112,AULA SEMINARI,"PIAZZA S.Giovanni in Monte, 2 - Bologna",Piano Secondo,44.4906548,11.3482283
133_WP01_065,"AULA C (Accesso da Via Zamboni, 34)","VIA Zamboni, 34, 36 - Bologna",Piano Primo,44.4936714,11.3430347
109_WPTE_011,"AULA B (Accesso da via Centotrecento, 18)","VIA Centotrecento, 18 - Bologna",Piano Terra,44.4987752,11.3508327
133_WP03_020,"AULA D (Accesso da Via Zamboni, 34)","VIA Zamboni, 34, 36 - Bologna",Piano Terzo,44.4936714,11.3430347
109_WPTE_013,"AULA A (Accesso da via Centotrecento, 18)","VIA Centotrecento, 18 - Bologna",Piano Terra,44.4987752,11.3508327
133_WP01_023,"AULA E (Accesso da Via Zamboni, 34)","VIA Zamboni, 34, 36 - Bologna",Piano Primo,44.4936714,11.3430347
101_WPTE_012,AULA VII,"VIA Zamboni, 38 - Bologna",Piano Terra,44.4968056,11.3519482
171_WPTE_117,"AULA DI VIRGILIO (accesso da Via dei Bersaglieri, 6)","STRADA Maggiore, 45 - Bologna",Piano Terra,44.490997,11.3538015
171_WPTE_063,AULA 6,"STRADA Maggiore, 45 - Bologna",Piano Terra,44.490997,11.3538015
70_WPTE_009,"AULA A (Accesso da via Azzo Gardino, 23)","VIA Azzo Gardino, 19-23-25-27-29 - Bologna",Piano Terra,44.4936714,11.3430347
70_WS02_012,AULA RENO,"VIA Azzo Gardino, 19-23-25-27-29 - Bologna",Piano Secondo Interrato,44.4936714,11.3430347
217_WPTE_061,AULA MAGNA,"VIA Irnerio, 46 - Bologna",Piano Terra,44.4992664,11.3538982
101_WPTE_050,AULA XI,"VIA Zamboni, 38 - Bologna",Piano Terra,44.4968056,11.3519482
231_WPTE_011,AULA M1 C.ANDREATTA,"PIAZZA Porta S. Donato , 1 - Bologna",Piano Terra,44.4936714,11.3430347
188_WP01_009,LABORATORIO RANZANI,"VIA Camillo Ranzani, 14 - Bologna",Piano Primo,44.5015715,11.3588197
67_WS01_033,LABORATORIO ERCOLANI,"VIALE Quirico Filopanti, 1-3 - Bologna",Piano Primo Interrato,44.4941834,11.3571967
100_WS01_057,AULA GRANDE,"PIAZZA S.Giovanni in Monte, 2 - Bologna",Piano Primo Interrato,44.4906548,11.3482283
101_WP03_026,AULA CELIO,"VIA Zamboni, 38 - Bologna",Piano Terzo,44.4968056,11.3519482
100_WP02_039,AULA TORRESANI,"PIAZZA S.Giovanni in Monte, 2 - Bologna",Piano Secondo,44.4906548,11.3482283
133_WPTE_047,"LAB. PICCOLO (Accesso da Via Zamboni, 34)","VIA Zamboni, 34, 36 - Bologna",Piano Terra,44.4936714,11.3430347
133_WPTE_002,"LAB 32 (Accesso da Via Zamboni, 34)","VIA Zamboni, 34, 36 - Bologna",Piano Terra,44.4936714,11.3430347
100_WPTE_083,AULA CAPITANI,"PIAZZA S.Giovanni in Monte, 2 - Bologna",Piano Terra,44.4906548,11.3482283
131_WP01_018,AULA FORTI,"VIA Zamboni, 32 - Bologna",Piano Primo,44.496548,11.3511849
131_WP01_008,AULA 1,"VIA Zamboni, 32 - Bologna",Piano Primo,44.496548,11.3511849
100_WPTE_084,AULA GIORGIO GUALANDI,"PIAZZA S.Giovanni in Monte, 2 - Bologna",Piano Terra,44.4906548,11.3482283
133_WP02_049,"AULA 2 (Accesso da Via Zamboni, 32)","VIA Zamboni, 34, 36 - Bologna",Piano Secondo,44.4936714,11.3430347
100_WP01_037,AULA MORANDI,"PIAZZA S.Giovanni in Monte, 2 - Bologna",Piano Primo,44.4906548,11.3482283
100_WP01_083,AULA LUCIO GAMBI,"PIAZZA S.Giovanni in Monte, 2 - Bologna",Piano Primo,44.4906548,11.3482283
100_WP02_066,AULA SPECOLA,"PIAZZA S.Giovanni in Monte, 2 - Bologna",Piano Secondo,44.4906548,11.3482283
133_WP01_025,AULA PIERO CAMPORESI,"VIA Zamboni, 34, 36 - Bologna",Piano Primo,44.4936714,11.3430347
1_WPTE_5/041,AULA 1,"VIA Zamboni, 33 - Bologna",Piano Terra,44.4968718,11.3524529
1_WPTE_5/017,AULA 2,"VIA Zamboni, 33 - Bologna",Piano Terra,44.4968718,11.3524529
131_WP02_032,AULA 5,"VIA Zamboni, 32 - Bologna",Piano Secondo,44.496548,11.3511849
131_WP01_053,AULA 3,"VIA Zamboni, 32 - Bologna",Piano Primo,44.496548,11.3511849
1_WPTE_1/047,AULA SEMINARI,"Via Zamboni, 33 - Bologna",Piano Terra,44.4968718,11.3524529
120_WA01_009,AULA IX,"VIA Cartoleria, 5 - Bologna",Piano Primo Ammezzato,44.4896271,11.3490375
229_WP06_002,AULA L.TONELLI,"PIAZZA di Porta San Donato, 5 - Bologna",Piano Sesto,44.49795525,11.3558835582535
67_WPTE_035,AULA E1,"VIALE Quirico Filopanti, 1-3 - Bologna",Piano Terra,44.4941834,11.3571967
131_WP03_015,AULA SERRA ZANETTI,"VIA Zamboni, 32 - Bologna",Piano Terzo,44.496548,11.3511849
131_WP04_026,AULA MANSARDA,"VIA Zamboni, 32 - Bologna",Piano Quarto,44.496548,11.3511849
101_WP04_034,LABORATORIO INFORMATICO,"VIA Zamboni, 38 - Bologna",Piano Quarto,44.4968056,11.3519482
131_WP04_001,AULA SEMINARI,"VIA Zamboni, 32 - Bologna",Piano Quarto,44.496548,11.3511849
131_WP03_023,AULA PASOLI,"VIA Zamboni, 32 - Bologna",Piano Terzo,44.496548,11.3511849
131_WPTE_021,AULA PASCOLI,"VIA Zamboni, 32 - Bologna",Piano Terra,44.496548,11.3511849
100_WP01_111,SEMINARI 2,"PIAZZA S.Giovanni in Monte, 2 - Bologna",Piano Primo,44.4906548,11.3482283
131_WP01_021,AULA GUGLIELMI,"VIA Zamboni, 32 - Bologna",Piano Primo,44.496548,11.3511849
70_WPTE_036,"AULA B (Accesso da via Azzo Gardino, 23)","VIA Azzo Gardino, 19-23-25-27-29 - Bologna",Piano Terra,44.4936714,11.3430347
115_WP01_012,AULA,"VIA Guerrazzi, 20 - Bologna",Piano Primo,44.4908105,11.3511095
115_WP01_025,AULA INFORMATICA,"VIA Guerrazzi, 20 - Bologna",Piano Primo,44.4908105,11.3511095
70_WP01_074,"AULA C (Accesso da via Azzo Gardino, 23)","VIA Azzo Gardino, 19-23-25-27-29 - Bologna",Piano Primo,44.4936714,11.3430347
171_WPTE_005,AULA 2,"STRADA Maggiore, 45 - Bologna",Piano Terra,44.490997,11.3538015
179_WPTE_007,AULA C S.CRISTINA,"Piazzetta G. Morandi, 2 - Bologna",Piano Terra,44.4936714,11.3430347
171_WPTE_064,AULA 7,"STRADA Maggiore, 45 - Bologna",Piano Terra,44.490997,11.3538015
171_WP01_083,AULA ARDIGO',"STRADA Maggiore, 45 - Bologna",Piano Primo,44.490997,11.3538015
120_WPTE_023,AULA I,"VIA Cartoleria, 5 - Bologna",Piano Terra,44.4896271,11.3490375
120_WP01_007,AULA VII,"VIA Cartoleria, 5 - Bologna",Piano Primo,44.4896271,11.3490375
451_WPTE_003,AULA MAGNA,"VIA Filippo Re, 8 - Bologna",Piano Terra,44.5003995,11.3552849
120_WPTE_045,AULA II,"VIA Cartoleria, 5 - Bologna",Piano Terra,44.4896271,11.3490375
188_WP01_001,LABORATORIO DI LINGUISTICA SPERIMENTALE,"VIA Camillo Ranzani, 14 - Bologna",Piano Primo,44.5015715,11.3588197
217_WPTE_002,"AULA 2 (Accesso da Via Filippo Re, 2)","VIA Irnerio, 46 - Bologna",Piano Terra,44.4992664,11.3538982
120_WPTE_030,SALA CONVEGNI,"VIA Cartoleria, 5 - Bologna",Piano Terra,44.4896271,11.3490375
120_WP01_006,AULA VI,"VIA Cartoleria, 5 - Bologna",Piano Primo,44.4896271,11.3490375
120_WP01_005,AULA V,"VIA Cartoleria, 5 - Bologna",Piano Primo,44.4896271,11.3490375
120_WPTE_046,AULA III - VIDEOLINGUE,"VIA Cartoleria, 5 - Bologna",Piano Terra,44.4896271,11.3490375
120_WA02_008,AULA VIII,"VIA Cartoleria, 5 - Bologna",Piano Secondo Ammezzato,44.4896271,11.3490375
120_WP01_026,STUDIO 53,"VIA Cartoleria, 5 - Bologna",Piano Primo,44.4896271,11.3490375
451_WS01_024,AULA B,"VIA Filippo Re, 8 - Bologna",Piano Primo Interrato,44.5003995,11.3552849
451_WPTE_019,AULA C,"VIA Filippo Re, 8 - Bologna",Piano Terra,44.5003995,11.3552849
451_WA01_019,AULA F,"VIA Filippo Re, 8 - Bologna",Piano Primo Ammezzato,44.5003995,11.3552849
451_WP02_002,AULA G,"VIA Filippo Re, 8 - Bologna",Piano Secondo,44.5003995,11.3552849
120_WA01_030,STUDIO 30,"VIA Cartoleria, 5 - Bologna",Piano Primo Ammezzato,44.4896271,11.3490375
451_WA01_003,AULA E,"VIA Filippo Re, 8 - Bologna",Piano Primo Ammezzato,44.5003995,11.3552849
451_WPTE_002,AULA D,"VIA Filippo Re, 8 - Bologna",Piano Terra,44.5003995,11.3552849
441_WPTE_017,AULA SAN GIACOMO 7,"VIA San Giacomo, 5-5/2-7 - Bologna",Piano Terra,44.4936714,11.3430347
451_WS01_020,AULA A,"VIA Filippo Re, 8 - Bologna",Piano Primo Interrato,44.5003995,11.3552849
441_WPTE_004,AULETTA SAN GIACOMO,"VIA San Giacomo, 5-5/2-7 - Bologna",Piano Terra,44.4936714,11.3430347
171_WPTE_069,AULA 1,"STRADA Maggiore, 45 - Bologna",Piano Terra,44.490997,11.3538015
120_WPTE_044,AULA IV,"VIA Cartoleria, 5 - Bologna",Piano Terra,44.4896271,11.3490375
451_WS01_019,LABORATORIO DI SCRITTURA,"VIA Filippo Re, 8 - Bologna",Piano Primo Interrato,44.5003995,11.3552849
451_WP02_008,AULA H,"VIA Filippo Re, 8 - Bologna",Piano Secondo,44.5003995,11.3552849
124_WP01_004,AULA 4,"VIA Angelo Mariani, 5 - Ravenna",Piano Primo,44.4176085,12.2036143
432_WPTE_028,AULA D,"VIA Filippo Re, 6 - Bologna",Piano Terra,44.5005741,11.3545251
937_WP01_080,AULA ANFITEATRO POMBENI,"PIAZZA A. Moro, 90 - Cesena",Piano Primo,44.136352,12.2422442
937_WP03_005,LAB INFORMATICA 2,"PIAZZA A. Moro, 90 - Cesena",Piano Terzo,44.136352,12.2422442
937_WP01_039,LAB  INFORMATICA 1,"PIAZZA A. Moro, 90 - Cesena",Piano Primo,44.136352,12.2422442
937_WP01_052D,AULA D,"PIAZZA A. Moro, 90 - Cesena",Piano Primo,44.136352,12.2422442
937_WP01_036,AULA A,"PIAZZA A. Moro, 90 - Cesena",Piano Primo,44.136352,12.2422442
937_WP01_052F,AULA F,"PIAZZA A. Moro, 90 - Cesena",Piano Primo,44.136352,12.2422442
87_WPTE_001,AULA EUROPA 1,"VIALE Europa, 115 - Cesena",Piano Terra,44.1455931,12.2467449
87_WP01_023,AULA EUROPA 2,"VIALE Europa, 115 - Cesena",Piano Primo,44.1455931,12.2467449
937_WA01_022,AULA C,"PIAZZA A. Moro, 90 - Cesena",Piano Primo Ammezzato,44.136352,12.2422442
87_WP02_003,AULA EUROPA 3,"VIALE Europa, 115 - Cesena",Piano Secondo,44.1455931,12.2467449
937_WP01_040,AULA E,"PIAZZA A. Moro, 90 - Cesena",Piano Primo,44.136352,12.2422442
937_WP01_010,AULA B,"PIAZZA A. Moro, 90 - Cesena",Piano Primo,44.136352,12.2422442
432_WPTE_S17,AULA INFORMATICA I,"VIA Filippo Re, 6 - Bologna",Piano Terra,44.5005741,11.3545251
445_WPTE_022,AULA MAGNA,"VIA Filippo Re, 10 - Bologna",Piano Terra,44.4997385,11.3551429
445_WPTE_027,AULA1,"VIA Filippo Re, 10 - Bologna",Piano Terra,44.4997385,11.3551429
64_WPTE_012,AULA SEMINARI,"VIALE Europa, 109 - Cesena",Piano Terra,44.1455241,12.2470094
217_WPTE_057,AULA A,"VIA Irnerio, 46 - Bologna",Piano Terra,44.4992664,11.3538982
933_WPTE_020,AULA A,"VIA Irnerio, 49 - Bologna",Piano Terra,44.4987038,11.3534963
716_WP03_113-114,AULA O BELMELORO LABORATORIO INFORMATICO,"VIA Belmeloro, 14 - Bologna",Piano Terzo,44.4951641,11.3561717
716_WP03_110-111,AULA N BELMELORO LABORATORIO INFORMATICO,"VIA Belmeloro, 14 - Bologna",Piano Terzo,44.4951641,11.3561717
219_WPTE_017,AULA 2 - ASTRONOMIA,"VIALE Carlo Berti Pichat, 6-6/2 - Bologna",Piano Terra,44.5009948,11.3559862
219_WPTE_016,AULA 1 - ASTRONOMIA,"VIALE Carlo Berti Pichat, 6-6/2 - Bologna",Piano Terra,44.5009948,11.3559862
948_WPTE_015,AULA B,"VIA della Beverara, 123/2 - Bologna",Piano Terra,44.5218236,11.3341853
946_WP01_108,LABORATORIO BIOINFORMATICO,"VIA della Beverara, 123/2 - Bologna",Piano Primo,44.5218236,11.3341853
305_WPTE_2,AULA 2 BODONIANA (accesso da Via San Donato 19/2 ),"VIA San Donato, 13-19/2 - Bologna",Piano Terra,44.4936714,11.3430347
301_WP01_055,AULA 1 SCIENZE FARMACEUTICHE (Accesso da Via Belmeloro 6),"VIA Belmeloro, 4-6 - Bologna",Piano Primo,44.49579,11.3528917
921_WPTE_019,AULA MAGNA IGIENE,"VIA San Giacomo, 12 - Bologna",Piano Terra,44.496743,11.3551933
948_WPTE_011,AULA D,"VIA della Beverara, 123/2 - Bologna",Piano Terra,44.5218236,11.3341853
946_WP01_112,LABORATORIO MORFOLOGICO NAVILE,"VIA della Beverara, 123/2 - Bologna",Piano Primo,44.5218236,11.3341853
946_WP01_110,LABORATORIO MICROBIOLOGIA E FERMENTAZIONI,"VIA della Beverara, 123/2 - Bologna",Piano Primo,44.5218236,11.3341853
948_WPTE_007,AULA A,"VIA della Beverara, 123/2 - Bologna",Piano Terra,44.5218236,11.3341853
948_WP02_035,AULA 2A,"VIA della Beverara, 123/2 - Bologna",Piano Secondo,44.5218236,11.3341853
209_WPTE_B1,AULA B,"VIA Irnerio, 42 - Bologna",Piano Terra,44.4997274,11.3531028
948_WP01_013,AULA 1F,"VIA della Beverara, 123/2 - Bologna",Piano Primo,44.5218236,11.3341853
948_WP01_014,AULA 1E,"VIA della Beverara, 123/2 - Bologna",Piano Primo,44.5218236,11.3341853
946_WP01_107,LAB 1 - COLTURE CELLULARI,"VIA della Beverara, 123/2 - Bologna",Piano Primo,44.5218236,11.3341853
948_WP02_009,AULA 2D,"VIA della Beverara, 123/2 - Bologna",Piano Secondo,44.5218236,11.3341853
948_WPTE_005,AULA MAGNA,"VIA della Beverara, 123/2 - Bologna",Piano Terra,44.5218236,11.3341853
948_WP01_042,AULA 1A,"VIA della Beverara, 123/2 - Bologna",Piano Primo,44.5218236,11.3341853
948_WP01_039,AULA 1B,"VIA della Beverara, 123/2 - Bologna",Piano Primo,44.5218236,11.3341853
948_WPTE_014,AULA C,"VIA della Beverara, 123/2 - Bologna",Piano Terra,44.5218236,11.3341853
210_WA01_005,AULA D,"VIA Irnerio, 42 - Bologna",Piano Primo Ammezzato,44.4997274,11.3531028
215_WPTE_048,AULA I,"VIA Francesco Selmi, 2 - Bologna",Piano Terra,44.4962145,11.354016
229_WP02_004,AULA PINCHERLE,"PIAZZA di Porta San Donato, 5 - Bologna",Piano Secondo,44.49795525,11.3558835582535
201_WPTE_34,"AULA A.GHIGI (Accesso da via S. Giacomo, 9)","VIA Francesco Selmi, 1-3-3/2 - Bologna",Piano Terra,44.4936714,11.3430347
231_WPTE_033,AULA M2 P.GAZZI,"PIAZZA Porta S. Donato , 1 - Bologna",Piano Terra,44.4936714,11.3430347
215_WPTE_010,AULA IV,"VIA Francesco Selmi, 2 - Bologna",Piano Terra,44.4962145,11.354016
215_WPTE_044,AULA VI,"VIA Francesco Selmi, 2 - Bologna",Piano Terra,44.4962145,11.354016
716_WPTE_039-040,AULA P BELMELORO,"VIA Belmeloro, 14 - Bologna",Piano Terra,44.4951641,11.3561717
701_WPTE_011,AULA IX,"VIA Belmeloro, 8/2 - Bologna",Piano Terra,44.4958755,11.3549994
215_WP02_068,AULA VII,"VIA Francesco Selmi, 2 - Bologna",Piano Secondo,44.4962145,11.354016
215_WPTE_056,AULA V,"VIA Francesco Selmi, 2 - Bologna",Piano Terra,44.4962145,11.354016
215_WPTE_060,AULA II,"VIA Francesco Selmi, 2 - Bologna",Piano Terra,44.4962145,11.354016
219_WS01_105,AULA 4 - FISICA,"VIALE Carlo Berti Pichat, 6-6/2 - Bologna",Piano Primo Interrato,44.5009948,11.3559862
201_WP02_80,"AULA MAGNA ANATOMIA COMPARATA (Accesso da via Selmi, 3)","VIA Francesco Selmi, 1-3-3/2 - Bologna",Piano Secondo,44.4936714,11.3430347
215_WPTE_043,AULA III,"VIA Francesco Selmi, 2 - Bologna",Piano Terra,44.4962145,11.354016
226_WP02_002,AULA G2,"VIA Zamboni, 67 - Bologna",Piano Secondo,44.4977217,11.3558548
219_WS01_2129,AULA A2 BERTI PICHAT,"VIALE Carlo Berti Pichat, 6-6/2 - Bologna",Piano Primo Interrato,44.5009948,11.3559862
219_WPTE_089,AULA C BERTI PICHAT,"VIALE Carlo Berti Pichat, 6-6/2 - Bologna",Piano Terra,44.5009948,11.3559862
219_WS01_092,AULA 1 - FISICA,"VIALE Carlo Berti Pichat, 6-6/2 - Bologna",Piano Primo Interrato,44.5009948,11.3559862
217_WPTE_089,AULA D,"VIA Irnerio, 46 - Bologna",Piano Terra,44.4992664,11.3538982
217_WPTE_109,AULA C,"VIA Irnerio, 46 - Bologna",Piano Terra,44.4992664,11.3538982
217_WPTE_056,AULA B,"VIA Irnerio, 46 - Bologna",Piano Terra,44.4992664,11.3538982
67_WPTE_014,AULA E3,"VIALE Quirico Filopanti, 1-3 - Bologna",Piano Terra,44.4941834,11.3571967
229_WP04_002,AULA CREMONA,"PIAZZA di Porta San Donato, 5 - Bologna",Piano Quarto,44.49795525,11.3558835582535
67_WPTE_013,AULA E2,"VIALE Quirico Filopanti, 1-3 - Bologna",Piano Terra,44.4941834,11.3571967
229_WP07_001,AULA VII PIANO,"PIAZZA di Porta San Donato, 5 - Bologna",Piano Settimo,44.49795525,11.3558835582535
229_WP01_002,AULA B.LEVI,"PIAZZA di Porta San Donato, 5 - Bologna",Piano Primo,44.49795525,11.3558835582535
229_WPTE_003,AULA ENRIQUES,"PIAZZA di Porta San Donato, 5 - Bologna",Piano Terra,44.49795525,11.3558835582535
229_WP08_010,AULA SEMINARIO VIII PIANO,"PIAZZA di Porta San Donato, 5 - Bologna",Piano Ottavo,44.49795525,11.3558835582535
229_WPTE_031,LABORATORIO MULTIMEDIALE,"PIAZZA di Porta San Donato, 5 - Bologna",Piano Terra,44.49795525,11.3558835582535
127_WP02_AULA 5,AULA 5,"Via Agricoltura, 5 - Ravenna ",Piano Secondo,44.4161414,12.2017617
127_WP02_AULA 7,AULA 7,"Via Agricoltura, 5 - Ravenna ",Piano Secondo,44.4161414,12.2017617
127_WP02_AULA 2,AULA 2,"Via Agricoltura, 5 - Ravenna ",Piano Secondo,44.4161414,12.2017617
127_WP02_LABINF,LABORATORIO INFORMATICO,"Via Agricoltura, 5 - Ravenna ",Piano Secondo,44.4161414,12.2017617
201_WP04_177,"AULA ESERCITAZIONI ANATOMIA COMPARATA (Accesso da via Selmi, 3)","VIA Francesco Selmi, 1-3-3/2 - Bologna",Piano Quarto,44.4936714,11.3430347
201_WPTE_71,"AULA MAGNA ISTOLOGIA CARINCI (Accesso da via Belmeloro, 8)","VIA Francesco Selmi, 1-3-3/2 - Bologna",Piano Terra,44.4936714,11.3430347
201_WP02_109,"AULA INFORMATICA ZOOLOGIA (Accesso da via Selmi, 3)","VIA Francesco Selmi, 1-3-3/2 - Bologna",Piano Secondo,44.4936714,11.3430347
201_WP02_82,"AULETTA ANATOMIA COMPARATA (Accesso da via Selmi, 3)","VIA Francesco Selmi, 1-3-3/2 - Bologna",Piano Secondo,44.4936714,11.3430347
211_WPTE_002,AULA A EST,"VIA Irnerio, 42 - Bologna",Piano Terra,44.4997274,11.3531028
201_WPTE_132,"AULA T (Accesso da via S. Giacomo, 9)","VIA Francesco Selmi, 1-3-3/2 - Bologna",Piano Terra,44.4936714,11.3430347
211_WPTE_001,AULA A OVEST,"VIA Irnerio, 42 - Bologna",Piano Terra,44.4997274,11.3531028
201_WP03_138,"AULA MAGNA ANTROPOLOGIA (Accesso da via Selmi, 3)","VIA Francesco Selmi, 1-3-3/2 - Bologna",Piano Terzo,44.4936714,11.3430347
201_WP03_166,"AULA ESERCITAZIONI ANTROPOLOGIA (Accesso da via Selmi, 3)","VIA Francesco Selmi, 1-3-3/2 - Bologna",Piano Terzo,44.4936714,11.3430347
933_WPTE_48,AULA B,"VIA Irnerio, 49 - Bologna",Piano Terra,44.4987038,11.3534963
231_WP01_018,AULA M4,"PIAZZA Porta S. Donato , 1 - Bologna",Piano Primo,44.4936714,11.3430347
226_WP01_022,AULA MAGNA G1,"VIA Zamboni, 67 - Bologna",Piano Primo,44.4977217,11.3558548
226_WP02_004,AULA G4,"VIA Zamboni, 67 - Bologna",Piano Secondo,44.4977217,11.3558548
226_WPTE_032,AULA GIS,"VIA Zamboni, 67 - Bologna",Piano Terra,44.4977217,11.3558548
226_WP02_005,AULA G5,"VIA Zamboni, 67 - Bologna",Piano Secondo,44.4977217,11.3558548
231_WPTE_029,AULA M3,"PIAZZA Porta S. Donato , 1 - Bologna",Piano Terra,44.4936714,11.3430347
226_WP02_003,AULA G3 GIULIO PISA,"VIA Zamboni, 67 - Bologna",Piano Secondo,44.4977217,11.3558548
231_WP01_016,AULA M6 MICROSCOPI,"PIAZZA Porta S. Donato , 1 - Bologna",Piano Primo,44.4936714,11.3430347
226_WPTE_002,AULA INFORMATICA,"VIA Zamboni, 67 - Bologna",Piano Terra,44.4977217,11.3558548
219_WS01_0S6,SALA SEMINARI,"VIALE Carlo Berti Pichat, 6-6/2 - Bologna",Piano Primo Interrato,44.5009948,11.3559862
1_WP03_001,AULA DELLA SPECOLA,"VIA Zamboni, 33 - Bologna",Piano Terzo,44.4968718,11.3524529
201_WS01_1,LABORATORIO DIDATTICO SELMI 3 (Accesso da Via Belmeloro 8/2),"VIA Francesco Selmi, 1-3-3/2 - Bologna",Piano Primo Interrato,44.4936714,11.3430347
209_WPTE_B2,AULA C,"VIA Irnerio, 42 - Bologna",Piano Terra,44.4997274,11.3531028
188_WPTE_009,AULETTA RANZANI,"VIA Camillo Ranzani, 14 - Bologna",Piano Terra,44.5015715,11.3588197
909_WPTE_069,AULA 2 FARMACOLOGIA,"VIA Irnerio, 48 - Bologna",Piano Terra,44.4990152,11.3549784
201_WPTE_107,"AULA FARBIOMOT (Accesso da Via Selmi, 3)","VIA Francesco Selmi, 1-3-3/2 - Bologna",Piano Terra,44.4936714,11.3430347
909_WP02_001,AULA MAGNA BIOCHIMICA (Accesso dal I piano),"VIA Irnerio, 48 - Bologna",Piano Secondo,44.4990152,11.3549784
921_WPTE_018,AULA EX ESERCIZI,"VIA San Giacomo, 12 - Bologna",Piano Terra,44.496743,11.3551933
305_WP02_A5,AULA 5 BODONIANA (accesso da Via San Donato 19/2),"VIA San Donato, 13-19/2 - Bologna",Piano Secondo,44.4936714,11.3430347
909_WPTE_053,AULA B ANATOMIA,"VIA Irnerio, 48 - Bologna",Piano Terra,44.4990152,11.3549784
928_WPTE_002,AULA C FISIOLOGIA,"VIA di Porta San Donato, 2 - Bologna",Piano Terra,44.4936714,11.3430347
305_WPTE_1,AULA 1 BODONIANA (accesso da Via San Donato 19/2 ),"VIA San Donato, 13-19/2 - Bologna",Piano Terra,44.4936714,11.3430347
909_WP01_073,AULA B BIOCHIMICA,"VIA Irnerio, 48 - Bologna",Piano Primo,44.4990152,11.3549784
928_WP01_190,AULA D FISIOLOGIA,"VIA di Porta San Donato, 2 - Bologna",Piano Primo,44.4936714,11.3430347
229_WPTE_004,AULA G.VITALI,"PIAZZA di Porta San Donato, 5 - Bologna",Piano Terra,44.49795525,11.3558835582535
23_WPTE_006,AULA NADIA BUSI,"MURA Anteo Zamboni, 7 - Bologna",Piano Terra,44.4936714,11.3430347
6231_WPTE_319,AULA 2 COMPLESSO UNIONE,"VIA Azzo Gardino, 33-33/2 - Bologna",Piano Terra,44.5010647,11.3368366
6231_WPTE_318,AULA 1 COMPLESSO UNIONE,"VIA Azzo Gardino, 33-33/2 - Bologna",Piano Terra,44.5010647,11.3368366
1004_WP01_029,"ANTROPOMETRIA, STABILOMETRIA, POSTUROMETRIA E CINESIOLOGIA","VIA del Pilastro, 8 - Bologna",Piano Primo,44.5090827,11.3895151
1004_WPTE_104,POLIVALENTE,"VIA del Pilastro, 8 - Bologna",Piano Terra,44.5090827,11.3895151
PAD13_PED,AULA SEMINTERRATO,"Policlinico S. Orsola-Malpighi, Pad. 13, Bologna",Piano Primo Interrato,,
1004_WPTE_001,AULA DIDATTICA,"VIA del Pilastro, 8 - Bologna",Piano Terra,44.5090827,11.3895151
305_WP01_006,AULA 4 BODONIANA (accesso da Via San Donato 19/2 ),"VIA San Donato, 13-19/2 - Bologna",Piano Primo,44.4936714,11.3430347
301_WP01_043,AULA 2 SCIENZE FARMACEUTICHE (Accesso da Via Belmeloro 6),"VIA Belmeloro, 4-6 - Bologna",Piano Primo,44.49579,11.3528917
188_WPTE_033,RANZANI B,"VIA Camillo Ranzani, 14 - Bologna",Piano Terra,44.5015715,11.3588197
188_WP01_044,RANZANI D,"VIA Camillo Ranzani, 14 - Bologna",Piano Primo,44.5015715,11.3588197
188_WPTE_013,RANZANI A,"VIA Camillo Ranzani, 14 - Bologna",Piano Terra,44.5015715,11.3588197
171_WP01_135,AULA RUFFILLI,"STRADA Maggiore, 45 - Bologna",Piano Primo,44.490997,11.3538015
179_WPTE_008,AULA B S. CRISTINA,"Piazzetta G. Morandi, 2 - Bologna",Piano Terra,44.4936714,11.3430347
219_WPTE_084,AULA D BERTI PICHAT,"VIALE Carlo Berti Pichat, 6-6/2 - Bologna",Piano Terra,44.5009948,11.3559862
219_WS01_1129,AULA A1 BERTI PICHAT,"VIALE Carlo Berti Pichat, 6-6/2 - Bologna",Piano Primo Interrato,44.5009948,11.3559862
171_WP02_079,LAB1,"STRADA Maggiore, 45 - Bologna",Piano Secondo,44.490997,11.3538015
171_WPTE_006,AULA 3,"STRADA Maggiore, 45 - Bologna",Piano Terra,44.490997,11.3538015
171_WP01_131,AULA 8,"STRADA Maggiore, 45 - Bologna",Piano Primo,44.490997,11.3538015
171_WP01_149,SALA POETI,"STRADA Maggiore, 45 - Bologna",Piano Primo,44.490997,11.3538015
TRE_AULA1,AULA 1 TH,"Viale Corridoni, 20 - Forlì",,44.2161182,12.0391188
TRE_AULA12,AULA 12 TH,"Viale Corridoni, 20 - Forlì",,44.2161182,12.0391188
TRE_AULA14	,AULA 14 TH,"Viale Corridoni, 20 - Forlì	",,44.2161182,12.0391188
TRE_AULA 5,AULA 5 TH,"Viale Corridoni, 20 - Forlì",,44.2161182,12.0391188
176_WS01_028,AULA DIDATTICA 1 LABIC,"VIA Giacomo della Torre, 5 - Forlì",Piano Primo Interrato,44.2189396,12.0419661
176_WP02_014,AULA 3.1,"VIA Giacomo della Torre, 5 - Forlì",Piano Secondo,44.2189396,12.0419661
176_WPTE_011,AULA MAGAGNI,"VIA Giacomo della Torre, 5 - Forlì",Piano Terra,44.2189396,12.0419661
176_WP02_022,AULA 3.3,"VIA Giacomo della Torre, 5 - Forlì",Piano Secondo,44.2189396,12.0419661
176_WP01_020,AULA 2.1,"VIA Giacomo della Torre, 5 - Forlì",Piano Primo,44.2189396,12.0419661
176_WP01_021,AULA 2.2,"VIA Giacomo della Torre, 5 - Forlì",Piano Primo,44.2189396,12.0419661
176_WPTE_036,AULA 1.4,"VIA Giacomo della Torre, 5 - Forlì",Piano Terra,44.2189396,12.0419661
176_WPTE_014,AULA 1.3,"VIA Giacomo della Torre, 5 - Forlì",Piano Terra,44.2189396,12.0419661
176_WP01_025,AULA 2.3,"VIA Giacomo della Torre, 5 - Forlì",Piano Primo,44.2189396,12.0419661
176_WP02_026,AULA 3.2,"VIA Giacomo della Torre, 5 - Forlì",Piano Secondo,44.2189396,12.0419661
176_WPTE_009,AULA 1.1,"VIA Giacomo della Torre, 5 - Forlì",Piano Terra,44.2189396,12.0419661
TRE_AULA17,AULA 17 TH,"Viale Corridoni, 20 - Forlì",,44.2161182,12.0391188
TRE_AULA2,AULA 2 TH,"Viale Corridoni, 20 - Forlì",,44.2161182,12.0391188
CEL_AULA5,AULA 5 CELTICO,"Via Bartolomeo Lombardini, 5 - Forlì",,44.2177647,12.0413551
TRE_AULA19,AULA 19 TH,"Viale Corridoni, 20 - Forlì	",,44.2161182,12.0391188
59_WPTE_T08,AULA 5,"PIAZZALE della Vittoria, 8 - 15 - Forlì",Piano Terra,44.2186159,12.0493701
TRE_AULA7,AULA 7 TH,"Viale Corridoni, 20 - Forlì",,44.2161182,12.0391188
CEL_AULA4,AULA 4 CELTICO,"Via Bartolomeo Lombardini, 5 - Forlì",,44.2177647,12.0413551
TRE_AULA9,AULA 9 TH,"Viale Corridoni, 20 - Forlì",,44.2161182,12.0391188
TRE_AULA20,AULA 20 TH,"Viale Corridoni, 20 - Forlì",,44.2161182,12.0391188
176_WPTE_013,LABORATORIO DI MASS MEDIA E POLITICA,"VIA Giacomo della Torre, 5 - Forlì",Piano Terra,44.2189396,12.0419661
176_WS01_026,AULA SEMINARIALE 1,"VIA Giacomo della Torre, 5 - Forlì",Piano Primo Interrato,44.2189396,12.0419661
176_WS01_029,AULA DIDATTICA 2,"VIA Giacomo della Torre, 5 - Forlì",Piano Primo Interrato,44.2189396,12.0419661
992_WP01_002,TEATINI 2,"PIAZZETTA Teatini, 13 - Rimini",Piano Primo,44.0608515,12.5697004
196_WP01_048,RED LAB,"VIA Domenico Angherà, 22 - Rimini",Piano Primo,44.0620305,12.5699888
992_WP01_004,WHITE LAB,"PIAZZETTA Teatini, 13 - Rimini",Piano Primo,44.0608515,12.5697004
STU_ERGO1,AULA ERGO 1,"Via Roma 47, Rimini (RN)",Piano Primo Ammezzato,44.0625459,12.573157
990_WP01_006,ALBERTI 6,"PIAZZETTA Teatini, 13 - Rimini",Piano Primo,44.0608515,12.5697004
990_WPTE_003,ALBERTI 3,"PIAZZETTA Teatini, 13 - Rimini",Piano Terra,44.0608515,12.5697004
990_WP01_005,ALBERTI 5,"PIAZZETTA Teatini, 13 - Rimini",Piano Primo,44.0608515,12.5697004
992_WP01_001,TEATINI 1,"PIAZZETTA Teatini, 13 - Rimini",Piano Primo,44.0608515,12.5697004
992_WP01_003,TEATINI 3,"PIAZZETTA Teatini, 13 - Rimini",Piano Primo,44.0608515,12.5697004
196_WP01_006,GREEN LAB,"VIA Domenico Angherà, 22 - Rimini",Piano Primo,44.0620305,12.5699888
219_WPTE_032,"LAB PT (Accesso da Via Ranzani, 1)","VIALE Carlo Berti Pichat, 6-6/2 - Bologna",Piano Terra,44.5009948,11.3559862
TRE_AULA13,AULA 13 TH,"Viale Corridoni, 20 - Forlì",,44.2161182,12.0391188
DIT.LAB_LAB14,LAB 14,"Via Bartolomeo Lombardini, 5 - Forlì",,44.2177647,12.0413551
DIT.LAB_LAB16,LAB 16,"Via Bartolomeo Lombardini,5 - Forlì",,44.2177647,12.0413551
DIT.LAB_LAB13,LAB 13,"Via Bartolomeo Lombardini, 5 - Forlì",,44.2177647,12.0413551
DIT.LAB_LAB6,LAB 6,"Via Bartolomeo Lombardini, 5 - Forlì",,44.2177647,12.0413551
TRE_AULA10,AULA 10 TH,"Viale Corridoni, 20 - Forlì",,44.2161182,12.0391188
DIT.LAB_LAB9,LAB 9,"Via Bartolomeo Lombardini, 5 - Forlì",,44.2177647,12.0413551
DIT.LAB_LAB7,LAB 7,"Via Bartolomeo Lombardini, 5 - Forlì",,44.2177647,12.0413551
TRE_AULA18,AULA 18 TH,"Viale Corridoni, 20 - Forlì",,44.2161182,12.0391188
DIT.LAB_LAB10,LAB 10,"Via Bartolomeo Lombardini, 5 - Forlì",,44.2177647,12.0413551
DIT.LAB_LAB11,LAB 11,"Via Bartolomeo Lombardini, 5 - Forlì",,44.2177647,12.0413551
DIT.LAB_LAB5,LAB 5,"Via Bartolomeo Lombardini, 5 - Forlì",,44.2177647,12.0413551
DIT.LAB_LAB15,LAB 15,"Via Bartolomeo Lombardini, 5 - Forlì",,44.2177647,12.0413551
DIT.LAB_LAB12,LAB12,"Via Bartolomeo Lombardini, 5 - Forlì",,44.2177647,12.0413551
DIT.LAB_LAB4,LAB 4,"Via Bartolomeo Lombardini, 5 - Forlì",,44.2177647,12.0413551
DIT.LAB_LAB2,LAB 2,"Via Bartolomeo Lombardini, 5 - Forlì",,44.2177647,12.0413551
DIT.LAB_LAB1,LAB 1,"Via Bartolomeo Lombardini, 5 - Forlì",,44.2177647,12.0413551
DIT.LAB_LAB3,LAB 3,"Via Bartolomeo Lombardini, 5 - Forlì",,44.2177647,12.0413551
62_WPTE_010,AULA A3,"VIALE Rasi Spinelli, 176 - Cesena",Piano Terra,44.136352,12.2422442
62_WPTE_011,AULA A2,"VIALE Rasi Spinelli, 176 - Cesena",Piano Terra,44.136352,12.2422442
91_WPTE_V002,AULA V2,VIA Venezia - Cavalcavia vari - Cesena,Piano Terra,44.136352,12.2422442
91_WPTE_V001,AULA V1,VIA Venezia - Cavalcavia vari - Cesena,Piano Terra,44.136352,12.2422442
85_WP01_004,"ICM - LAB. ING. CELLULARE E MOLECOLARE ""SILVIO CAVALCANTI""","VIA Venezia, 42-52-62 - Cesena",Piano Primo,44.136352,12.2422442
229_WP04_F9,SEMINARIO II,"PIAZZA di Porta San Donato, 5 - Bologna",Piano Quarto,44.49795525,11.3558835582535
475_WPTE_037,AULA 10,"VIA Giuseppe Fanin, 40-50 - Bologna",Piano Terra,44.5131475,11.4073775
201_WP04_178,"AULA ISTOLOGIA (Accesso da via Selmi, 3)","VIA Francesco Selmi, 1-3-3/2 - Bologna",Piano Quarto,44.4936714,11.3430347
994_WP01_006,NAVIGARE 4,"VIA dei Mille, 39 - Rimini",Piano Primo,44.0650571,12.5680554
998_WP01_004,BRIOLINI 4,"CORSO d'Augusto, 237 - Rimini",Piano Primo,44.0627251,12.5647776
1100_WPTE_019,CLODIA 4,"VIA Clodia, 43 - Rimini",Piano Terra,44.0641824,12.5670715
994_WPTE_025,NAVIGARE 1B,"VIA dei Mille, 39 - Rimini",Piano Terra,44.0650571,12.5680554
998_WPTE_001,BRIOLINI 1,"CORSO d'Augusto, 237 - Rimini",Piano Terra,44.0627251,12.5647776
998_WPTE_002,BRIOLINI 2,"CORSO d'Augusto, 237 - Rimini",Piano Terra,44.0627251,12.5647776
196_WP01_027,BLUE LAB,"VIA Domenico Angherà, 22 - Rimini",Piano Primo,44.0620305,12.5699888
998_WP01_005,BRIOLINI 5,"CORSO d'Augusto, 237 - Rimini",Piano Primo,44.0627251,12.5647776
196_WPTE_031,AULA FELLINI,"VIA Domenico Angherà, 22 - Rimini",Piano Terra,44.0620305,12.5699888
986_WPTE_021,VALGIMIGLI 3,"VIA Santa Chiara, 40 - Rimini",Piano Terra,43.9677418,12.7278259
1100_WPTE_006,CLODIA 3,"VIA Clodia, 43 - Rimini",Piano Terra,44.0641824,12.5670715
196_WPTE_001,AULA MAGNA,"VIA Domenico Angherà, 22 - Rimini",Piano Terra,44.0620305,12.5699888
1100_WPTE_004,CLODIA 1,"VIA Clodia, 43 - Rimini",Piano Terra,44.0641824,12.5670715
1100_WPTE_005,CLODIA 2,"VIA Clodia, 43 - Rimini",Piano Terra,44.0641824,12.5670715
1100_WPTE_018,CLODIA 5,"VIA Clodia, 43 - Rimini",Piano Terra,44.0641824,12.5670715
191_WP01_007,AULA SEMINARI DSE 2,"PIAZZA Antonino Scaravilli, 1-2 - Bologna",Piano Primo,44.49711255,11.35226629833
948_WP01_016,AULA 1D,"VIA della Beverara, 123/2 - Bologna",Piano Primo,44.5218236,11.3341853
305_WPTE_B5,LABORATORIO 1,"VIA San Donato, 13-19/2 - Bologna",Piano Terra,44.4936714,11.3430347
305_WPTE_B1,LABORATORIO 2,"VIA San Donato, 13-19/2 - Bologna",Piano Terra,44.4936714,11.3430347
305_WPTE_B10,LABORATORIO 3,"VIA San Donato, 13-19/2 - Bologna",Piano Terra,44.4936714,11.3430347
909_WPTE_070,AULA MAGNA FARMACOLOGIA,"VIA Irnerio, 48 - Bologna",Piano Terra,44.4990152,11.3549784
927_WP01_018,AULA MAGNA FISIOLOGIA - AULA A,"VIA di Porta San Donato, 2 - Bologna",Piano Primo,44.4936714,11.3430347
305_WP01_B19,LABORATORIO 4,"VIA San Donato, 13-19/2 - Bologna",Piano Primo,44.4936714,11.3430347
993_WP01_014,ALBERTI 14,"PIAZZETTA Teatini, 13 - Rimini",Piano Primo,44.0608515,12.5697004
994_WPTE_002,NAVIGARE 2,"VIA dei Mille, 39 - Rimini",Piano Terra,44.0650571,12.5680554
994_WPTE_003,NAVIGARE 3,"VIA dei Mille, 39 - Rimini",Piano Terra,44.0650571,12.5680554
986_WPTE_015,VALGIMIGLI 2,"VIA Santa Chiara, 40 - Rimini",Piano Terra,43.9677418,12.7278259
994_WPTE_024,NAVIGARE 1A,"VIA dei Mille, 39 - Rimini",Piano Terra,44.0650571,12.5680554
994_WP01_007,NAVIGARE 5,"VIA dei Mille, 39 - Rimini",Piano Primo,44.0650571,12.5680554
127_WP02_AULA 1,AULA 1,"Via Agricoltura, 5 - Ravenna ",Piano Secondo,44.4161414,12.2017617
4000_WPTE_ST3,GEOLOGIA MARINA,"VIA Sant'Alberto, 163 - Ravenna",Piano Terra,44.423475,12.2011021
171_WP01_012,AULA SEMINARI DSE 1,"STRADA Maggiore, 45 - Bologna",Piano Primo,44.490997,11.3538015
171_WP01_007,AULA RIUNIONI DSE,"STRADA Maggiore, 45 - Bologna",Piano Primo,44.490997,11.3538015
171_WP01_081,AULA FARNETI,"STRADA Maggiore, 45 - Bologna",Piano Primo,44.490997,11.3538015
109_WPTE_021,"STUDIO 3 (Accesso da via Centotrecento, 18)","VIA Centotrecento, 18 - Bologna",Piano Terra,44.4987752,11.3508327
171_WPTE_074,AULA 1011,"STRADA Maggiore, 45 - Bologna",Piano Terra,44.490997,11.3538015
909_WPTE_054,AULA MAGNA ANATOMIA UMANA,"VIA Irnerio, 48 - Bologna",Piano Terra,44.4990152,11.3549784
NOS_SALASCALO,SALA SCALO,"Via Ludovico Berti, 2/7 - Bologna",Piano Terra,44.4936714,11.3430347
PAD10_AMPED,AULA MAGNA PEDIATRIA,"Via Massarenti, 9 - Bologna Pad. 10 Pediatria ""G. Gozzadini"" (BO)",Piano Terra,,
PAD10_PED,AULA MAGNA PEDIATRIA,"Policlinico S. Orsola-Malpighi, Pad. 10 Pediatria ""G. Gozzadini"", Bologna",Piano Terra,,
915_WP01_038,AULA MAGNA PATOLOGIA GENERALE - AULA 1,"VIA San Giacomo, 14 - Bologna",Piano Primo,44.4968156,11.3557428
1004_WPTE_033,CAMPO TENNIS E RUGBY,"VIA del Pilastro, 8 - Bologna",Piano Terra,44.5090827,11.3895151
401_WPTE_041,AULA I,"VIALE del Risorgimento, 4 - Bologna",Piano Terra,44.4873268,11.3280693
331_WP03_084,AULA 3.1,"VIALE Risorgimento, 2 - Bologna",Piano Terzo,44.3406208,11.2044719
196_WPTE_019,ANGHERA' 3,"VIA Domenico Angherà, 22 - Rimini",Piano Terra,44.0620305,12.5699888
196_WPTE_030,ANGHERA' 2,"VIA Domenico Angherà, 22 - Rimini",Piano Terra,44.0620305,12.5699888
6265_VECCHI,AULA VECCHI,,,,
6265_CINI,AULA CINI,,,,
6265_KORAC,AULA KORAC,,,,
993_WPTE_003,ALBERTI 13,"PIAZZETTA Teatini, 13 - Rimini",Piano Terra,44.0608515,12.5697004
LOL_LabChi,Laboratorio Chimico-analitico,Piazzale G.Dalle Bande nere n. 11 – Imola (BO),Piano Terra,,
298_WPTE_026,AULA MAGNA,"VIA Garibaldi, 24 - Imola",Piano Terra,44.3535145,11.7141233
LOL_LabMic,Laboratorio Microscopia/microbiologia,Piazzale G.Dalle Bande nere n. 11 – Imola (BO),Piano Terra,,
LOL_LabTox,Laboratorio BioTossicologico,Piazzale G.Dalle Bande nere n. 11 – Imola (BO),Piano Terra,,
LOL_LabTec  ,Laboratorio Tecnologico Farmaceutico,Piazzale G.Dalle Bande nere n. 11 – Imola (BO),Piano Terra,,
642_WPTE_244,AULA ALFIO FALASCHINI,"VIA Tolara di Sopra, 50/58 - Ozzano dell'Emilia",Piano Terra,44.3991001,11.4596906
642_WPTE_332,LABORATORIO INFORMATICO E LINGUISTICO,"VIA Tolara di Sopra, 50/58 - Ozzano dell'Emilia",Piano Terra,44.3991001,11.4596906
642_WPTE_019,AULA ATTILIO MENSA,"VIA Tolara di Sopra, 50/58 - Ozzano dell'Emilia",Piano Terra,44.3991001,11.4596906
642_WPTE_411,AULA DIAPASON,"VIA Tolara di Sopra, 50/58 - Ozzano dell'Emilia",Piano Terra,44.3991001,11.4596906
642_WPTE_381,AULA ANGELO ANTONELLI,"VIA Tolara di Sopra, 50/58 - Ozzano dell'Emilia",Piano Terra,44.3991001,11.4596906
642_WPTE_E1,E1,"VIA Tolara di Sopra, 50/58 - Ozzano dell'Emilia",Piano Terra,44.3991001,11.4596906
642_WPTE_040,AULA ALESSANDRO LANFRANCHI,"VIA Tolara di Sopra, 50/58 - Ozzano dell'Emilia",Piano Terra,44.3991001,11.4596906
642_WPTE_343,AULA ANTONIO CUGNINI,"VIA Tolara di Sopra, 50/58 - Ozzano dell'Emilia",Piano Terra,44.3991001,11.4596906
642_WPTE_361,AULA LUIGI MONTRONI,"VIA Tolara di Sopra, 50/58 - Ozzano dell'Emilia",Piano Terra,44.3991001,11.4596906
642_WPTE_E5,E5,"VIA Tolara di Sopra, 50/58 - Ozzano dell'Emilia",Piano Terra,44.3991001,11.4596906
642_WPTE_E3,E3,"VIA Tolara di Sopra, 50/58 - Ozzano dell'Emilia",Piano Terra,44.3991001,11.4596906
475_WPTE_031,AULA MAGNA,"VIA Giuseppe Fanin, 40-50 - Bologna",Piano Terra,44.5131475,11.4073775
475_WP01_011,AULA 11,"VIA Giuseppe Fanin, 40-50 - Bologna",Piano Primo,44.5131475,11.4073775
475_WP01_157,AULA 13,"VIA Giuseppe Fanin, 40-50 - Bologna",Piano Primo,44.5131475,11.4073775
475_WPTE_008,AULA 8,"VIA Giuseppe Fanin, 40-50 - Bologna",Piano Terra,44.5131475,11.4073775
475_WPTE_003,AULA 3,"VIA Giuseppe Fanin, 40-50 - Bologna",Piano Terra,44.5131475,11.4073775
475_WPTE_006,AULA 6,"VIA Giuseppe Fanin, 40-50 - Bologna",Piano Terra,44.5131475,11.4073775
475_WP01_156,AULA 12,"VIA Giuseppe Fanin, 40-50 - Bologna",Piano Primo,44.5131475,11.4073775
475_WPTE_151,AULA 2,"VIA Giuseppe Fanin, 40-50 - Bologna",Piano Terra,44.5131475,11.4073775
475_WP01_024,AULA INFORMATICA,"VIA Giuseppe Fanin, 40-50 - Bologna",Piano Primo,44.5131475,11.4073775
475_WP01_007,LABORATORIO INFORMATICO,"VIA Giuseppe Fanin, 40-50 - Bologna",Piano Primo,44.5131475,11.4073775
475_WP01_025,LAB BIO 1,"VIA Giuseppe Fanin, 40-50 - Bologna",Piano Primo,44.5131475,11.4073775
475_WPTE_009,AULA 9,"VIA Giuseppe Fanin, 40-50 - Bologna",Piano Terra,44.5131475,11.4073775
475_WPTE_007,AULA 7,"VIA Giuseppe Fanin, 40-50 - Bologna",Piano Terra,44.5131475,11.4073775
475_WP03_055,DIPSA - ECONOMIA ED ESTIMO,"VIA Giuseppe Fanin, 40-50 - Bologna",Piano Terzo,44.5131475,11.4073775
475_WPTE_004,AULA 4,"VIA Giuseppe Fanin, 40-50 - Bologna",Piano Terra,44.5131475,11.4073775
475_WP02_202,LAB CARTOGRAFIA TELERIV. GIS,"VIA Giuseppe Fanin, 40-50 - Bologna",Piano Secondo,44.5131475,11.4073775
65_WPTE_041,AULA A,"PIAZZA Goidanich, 60 - Cesena",Piano Terra,44.136352,12.2422442
65_WPTE_068,AULA D,"PIAZZA Goidanich, 60 - Cesena",Piano Terra,44.136352,12.2422442
65_WPTE_065,AULA C,"PIAZZA Goidanich, 60 - Cesena",Piano Terra,44.136352,12.2422442
65_WPTE_059,AULA B,"PIAZZA Goidanich, 60 - Cesena",Piano Terra,44.136352,12.2422442
65_WPTE_055,AULA MAGNA,"PIAZZA Goidanich, 60 - Cesena",Piano Terra,44.136352,12.2422442
65_WPTE_069,AULA E,"PIAZZA Goidanich, 60 - Cesena",Piano Terra,44.136352,12.2422442
65_WP01_017,AULA INFORMATICA,"PIAZZA Goidanich, 60 - Cesena",Piano Primo,44.136352,12.2422442
6078_WPTE_001,LABORATORIO DIDATTICO,"PIAZZA Goidanich, 60 - Cesena",Piano Terra,44.136352,12.2422442
642_WPTE_383,AULA GIUSEPPE BORGATTI,"VIA Tolara di Sopra, 50/58 - Ozzano dell'Emilia",Piano Terra,44.3991001,11.4596906
65_WPTE_036,AULA F,"PIAZZA Goidanich, 60 - Cesena",Piano Terra,44.136352,12.2422442
475_WPTE_005,AULA 5,"VIA Giuseppe Fanin, 40-50 - Bologna",Piano Terra,44.5131475,11.4073775
475_WP05_240,LABORATORIO CAD,"VIA Giuseppe Fanin, 40-50 - Bologna",Piano Quinto,44.5131475,11.4073775
475_WP05_153,LAB CHIMICA,"VIA Giuseppe Fanin, 40-50 - Bologna",Piano Quinto,44.5131475,11.4073775
6009_WP01_012,AULA D,"VIA Guaccimanni, 42 - Ravenna",Piano Primo,44.4161414,12.2017617
6009_WPTE_001,LABORATORIO DIDATTICO,"VIA Guaccimanni, 42 - Ravenna",Piano Terra,44.4161414,12.2017617
6009_WP01_007,AULA B,"VIA Guaccimanni, 42 - Ravenna",Piano Primo,44.4161414,12.2017617
6009_WPTE_017,LABORATORIO DI FISICA AREA 1,"VIA Guaccimanni, 42 - Ravenna",Piano Terra,44.4161414,12.2017617
6009_WPTE_018,LABORATORIO DI FISICA AREA 2,"VIA Guaccimanni, 42 - Ravenna",Piano Terra,44.4161414,12.2017617
6009_WP01_023,AULA E,"VIA Guaccimanni, 42 - Ravenna",Piano Primo,44.4161414,12.2017617
6009_WP01_009,AULA C,"VIA Guaccimanni, 42 - Ravenna",Piano Primo,44.4161414,12.2017617
6009_WP01_001,AULA A,"VIA Guaccimanni, 42 - Ravenna",Piano Primo,44.4161414,12.2017617
131_WP01_056,AULA 2,"VIA Zamboni, 32 - Bologna",Piano Primo,44.496548,11.3511849
131_WPTE_043,AULA 1,"VIA Zamboni, 32 - Bologna",Piano Terra,44.496548,11.3511849
432_WPTE_004,AULA MAGNA,"VIA Filippo Re, 6 - Bologna",Piano Terra,44.5005741,11.3545251
131_WP02_030,AULA 4,"VIA Zamboni, 32 - Bologna",Piano Secondo,44.496548,11.3511849
432_WP01_011,AULA B,"VIA Filippo Re, 6 - Bologna",Piano Primo,44.5005741,11.3545251
131_WPTE_CORTILE,AULA 6,Via Zamboni 32 - Bologna,Piano Terra,44.496548,11.3511849
432_WPTE_S08,SALA RIUNIONI,"VIA Filippo Re, 6 - Bologna",Piano Terra,44.5005741,11.3545251
701_WPTE_007,AULA BERTOLUZZA,"VIA Belmeloro, 8/2 - Bologna",Piano Terra,44.4958755,11.3549994
990_WPTE_002,ALBERTI 2,"PIAZZETTA Teatini, 13 - Rimini",Piano Terra,44.0608515,12.5697004
61_WPTE_043,AULA C,"VIA Sacchi, 3 - Cesena",Piano Terra,44.1398383,12.2429769
61_WPTE_042,LABORATORIO INFORMATICO 2,"VIA Sacchi, 3 - Cesena",Piano Terra,44.1398383,12.2429769
61_WP01_067,AULA A,"VIA Sacchi, 3 - Cesena",Piano Primo,44.1398383,12.2429769
61_WPTE_039,AULA B,"VIA Sacchi, 3 - Cesena",Piano Terra,44.1398383,12.2429769
61_WP01_003,LABORATORIO INFORMATICO 3,"VIA Sacchi, 3 - Cesena",Piano Primo,44.1398383,12.2429769
61_WPTE_013,AULA D,"VIA Sacchi, 3 - Cesena",Piano Terra,44.1398383,12.2429769
61_WPTE_012,AULA E,"VIA Sacchi, 3 - Cesena",Piano Terra,44.1398383,12.2429769
80_WPTE_001,AULA MAGNA,"VICOLO Carbonari, 2-4 - Cesena",Piano Terra,44.1385552,12.2429871
LAB_SBAP1,LABORATORI,"Via San Vitale 17, Ravenna",Piano Terra,44.4396547,12.1710814
LAB_SBAP,LABORATORI,"Via Fiandrini, Ravenna",Piano Terra,44.4208474,12.1953209
6009_WPTE_013,LABORATORIO DI RICERCA AREA 1,"VIA Guaccimanni, 42 - Ravenna",Piano Terra,44.4161414,12.2017617
642_WPTE_319,AULA PIETRO GHERARDINI,"VIA Tolara di Sopra, 50/58 - Ozzano dell'Emilia",Piano Terra,44.3991001,11.4596906
642_WPTE_150,E2,"VIA Tolara di Sopra, 50/58 - Ozzano dell'Emilia",Piano Terra,44.3991001,11.4596906
642_WP01_141,AULA VALENTINO CHIODI,"VIA Tolara di Sopra, 50/58 - Ozzano dell'Emilia",Piano Primo,44.3991001,11.4596906
642_WPTE_016H,AULA ESTERNA CLINICA MEDICA,"VIA Tolara di Sopra, 50/58 - Ozzano dell'Emilia",Piano Terra,44.3991001,11.4596906
642_WP01_183,AULA ALBINO MESSIERI,"VIA Tolara di Sopra, 50/58 - Ozzano dell'Emilia",Piano Primo,44.3991001,11.4596906
219_WS01_097,AULA 2 - FISICA,"VIALE Carlo Berti Pichat, 6-6/2 - Bologna",Piano Primo Interrato,44.5009948,11.3559862
219_WS01_152,AULA 3 - FISICA,"VIALE Carlo Berti Pichat, 6-6/2 - Bologna",Piano Primo Interrato,44.5009948,11.3559862
62_WPTE_029,AULA A1,"VIALE Rasi Spinelli, 176 - Cesena",Piano Terra,44.136352,12.2422442
347_WPTE_024,AULA 6,"VIA Fontanelle, 40 - Forlì",Piano Terra,44.2003532,12.0633312
352_WPTE_003,AULA 4 - MEC  VOLO,"VIA Fontanelle, 51 - Forlì",Piano Terra,44.2003532,12.0633312
347_WPTE_020,AULA 3,"VIA Fontanelle, 40 - Forlì",Piano Terra,44.2003532,12.0633312
986_WPTE_001,VALGIMIGLI 1,"VIA Santa Chiara, 40 - Rimini",Piano Terra,43.9677418,12.7278259
986_WP01_218,LABV,"VIA Santa Chiara, 40 - Rimini",Piano Primo,43.9677418,12.7278259
101_WA02_034,AULA MONDOLFO,"VIA Zamboni, 38 - Bologna",Piano Secondo Ammezzato,44.4968056,11.3519482
937_WPTE_024,AULA MAGNA,"PIAZZA A. Moro, 90 - Cesena",Piano Terra,44.136352,12.2422442
432_WS01_043,AULA C,"VIA Filippo Re, 6 - Bologna",Piano Primo Interrato,44.5005741,11.3545251
171_WP01_077,AULA JEMOLO,"STRADA Maggiore, 45 - Bologna",Piano Primo,44.490997,11.3538015
171_WP01_078,AULA CANDELORO,"STRADA Maggiore, 45 - Bologna",Piano Primo,44.490997,11.3538015
DA DEFINIRE,AULA ,,,,
171_WP04_LAB,Aula Informatica,"Strada Maggiore, 45 - Bologna",Piano Quarto,44.490997,11.3538015
772_WPTE_050,AULA MAGNA,"VIA Tombesi dall'Ova, 55 - Ravenna",Piano Terra,44.4148583,12.2014041
772_WPTE_020,AULA 2.0,"VIA Tombesi dall'Ova, 55 - Ravenna",Piano Terra,44.4148583,12.2014041
772_WPTE_032,AULA DISEGNO,"VIA Tombesi dall'Ova, 55 - Ravenna",Piano Terra,44.4148583,12.2014041
CES_IIIANNO,AULA - 18 posti (AULA III ANNO),Locali in Cesenatico - via Andrea Doria 5/a-5/b,,29.9491184,73.798429
CES_VIVIANI,AULA - 56 posti (AULA VIVIANI),Locali in Cesenatico - via Andrea Doria 5/a-5/b,,29.9491184,73.798429
771_WP02_021,LABORATORIO FRONTEMARE,"VIALE Amerigo Vespucci, 2 - Cesenatico",Piano Secondo,44.2087515,12.3918282
CES_LABDID,LABORATORIO 32 posti (LAB. DIDATTICO),Locali in Cesenatico - via Andrea Doria 5/a-5/b,,29.9491184,73.798429
CES_MANCINI,AULA - 45 posti (AULA MANCINI),Locali in Cesenatico - via Andrea Doria 5/a-5/b,,29.9491184,73.798429
124_WP01_001,AULA TUMIDEI,"VIA Angelo Mariani, 5 - Ravenna",Piano Primo,44.4176085,12.2036143
124_WP01_005,AULA 5,"VIA Angelo Mariani, 5 - Ravenna",Piano Primo,44.4176085,12.2036143
124_WP01_006,AULA 6,"VIA Angelo Mariani, 5 - Ravenna",Piano Primo,44.4176085,12.2036143
124_WP01_002,AULA 2,"VIA Angelo Mariani, 5 - Ravenna",Piano Primo,44.4176085,12.2036143
128_WPTE_010,AULA I,"VIA Giuseppe Pasolini, 23 - Ravenna - Ravenna",Piano Terra,44.4161414,12.2017617
123_WPTE_002,AULA R. ROSATI,"VIA San Vitale, 28 e 30 - Ravenna",Piano Terra,44.4161414,12.2017617
123_WPTE_017,AULA G. BOVINI,"VIA San Vitale, 28 e 30 - Ravenna",Piano Terra,44.4161414,12.2017617
128_WPTE_013,AULA II,"VIA Giuseppe Pasolini, 23 - Ravenna - Ravenna",Piano Terra,44.4161414,12.2017617
128_WP01_009,AULA IV,"VIA Giuseppe Pasolini, 23 - Ravenna - Ravenna",Piano Primo,44.4161414,12.2017617
124_WP01_003,AULA 3,"VIA Angelo Mariani, 5 - Ravenna",Piano Primo,44.4176085,12.2036143
128_WP01_007,AULA V,"VIA Giuseppe Pasolini, 23 - Ravenna - Ravenna",Piano Primo,44.4161414,12.2017617
124_WA01_056,LAB. INFORMATICO,"VIA Angelo Mariani, 5 - Ravenna",Piano Primo Ammezzato,44.4176085,12.2036143
128_WP01_015,AULA GERSHEVITCH,"VIA Giuseppe Pasolini, 23 - Ravenna - Ravenna",Piano Primo,44.4161414,12.2017617
102_WPTE_020,AULA PICCHI,"VIA Barberia, 4-4/2 - Bologna",Piano Terra,44.4921865,11.337742
990_WPTE_001,ALBERTI 1,"PIAZZETTA Teatini, 13 - Rimini",Piano Terra,44.0608515,12.5697004
STU_SALARIU,AULA ERGO 2,"Via Roma 47, Rimini (RN)",Piano Primo Ammezzato,44.0625459,12.573157
59_WPTE_T09,AULA ZANZANI,"PIAZZALE della Vittoria, 8 - 15 - Forlì",Piano Terra,44.2186159,12.0493701
70_WPTE_001,"AULA WOLF (Accesso da via Azzo Gardino, 23)","VIA Azzo Gardino, 19-23-25-27-29 - Bologna",Piano Terra,44.4936714,11.3430347
171_WP02_LAB2,LABORATORIO 2,"STRADA Maggiore, 45 - Bologna",Piano Secondo,44.490997,11.3538015
219_WS01_129,AULA,"Viale Carlo Berti Pichat, 6-6/2 - Bologna",Piano Primo Interrato,44.5009948,11.3559862
701_WPTE_014,AULA VIII,"VIA Belmeloro, 8/2 - Bologna",Piano Terra,44.4958755,11.3549994
127_WP02_AULA 6,AULA 6,"Via Agricoltura, 5 - Ravenna ",Piano Secondo,44.4161414,12.2017617
