annoaccademico,immatricolabile,corso_codice,corso_descrizione,url,campus,sededidattica,scuola,tipologia,durata,lingue,internazionale,accesso
2016/2017,True,0659,Giurisprudenza,http://www.unibo.it/it/didattica/corsi-di-studio/corso/2016/0659,Bologna,Bologna,Giurisprudenza,Laurea Magistrale a ciclo unico,5,Italiano,,libero accesso con verifica delle conoscenze
2016/2017,True,0660,Giurisprudenza,http://www.unibo.it/it/didattica/corsi-di-studio/corso/2016/0660,Ravenna,Ravenna,Giurisprudenza,Laurea Magistrale a ciclo unico,5,Italiano,,libero accesso con verifica delle conoscenze
2016/2017,True,0881,Architettura,http://www.unibo.it/it/didattica/corsi-di-studio/corso/2016/0881,Cesena,Cesena,Ingegneria e Architettura,Laurea Magistrale a ciclo unico,5,Italiano,,numero chiuso
2016/2017,True,0884,Chimica industriale,http://www.unibo.it/it/didattica/corsi-di-studio/corso/2016/0884,Bologna,Bologna,Scienze,Laurea Magistrale,2,Italiano,,libero accesso con verifica dell'adeguatezza della preparazione
2016/2017,True,0897,Direzione aziendale,http://www.unibo.it/it/didattica/corsi-di-studio/corso/2016/0897,Bologna,Bologna,"Economia, Management e Statistica",Laurea Magistrale,2,Italiano Inglese,uno o più curricula internazionali,numero chiuso
2016/2017,True,0899,Economia e diritto,http://www.unibo.it/it/didattica/corsi-di-studio/corso/2016/0899,Bologna,Bologna,"Economia, Management e Statistica",Laurea Magistrale,2,Italiano,,numero chiuso
2016/2017,True,0900,Economia e professione,http://www.unibo.it/it/didattica/corsi-di-studio/corso/2016/0900,Bologna,Bologna,"Economia, Management e Statistica",Laurea Magistrale,2,Italiano,,numero chiuso
2016/2017,True,0901,"Finanza, intermediari e mercati",http://www.unibo.it/it/didattica/corsi-di-studio/corso/2016/0901,Bologna,Bologna,"Economia, Management e Statistica",Laurea Magistrale,2,Italiano,,numero chiuso
2016/2017,True,0902,Innovation and organization of culture and the arts,http://www.unibo.it/it/didattica/corsi-di-studio/corso/2016/0902,Bologna,Bologna,"Economia, Management e Statistica",Laurea Magistrale,2,Inglese,interamente internazionale,numero chiuso
2016/2017,True,0905,Economia e commercio,http://www.unibo.it/it/didattica/corsi-di-studio/corso/2016/0905,Forlì,Forlì,"Economia, Management e Statistica",Laurea Magistrale,2,Italiano,,libero accesso con verifica dell'adeguatezza della preparazione
2016/2017,True,0915,Consulente del lavoro e delle relazioni aziendali,http://www.unibo.it/it/didattica/corsi-di-studio/corso/2016/0915,Bologna,Bologna,Giurisprudenza,Laurea,3,Italiano,,libero accesso con verifica delle conoscenze
2016/2017,True,0916,Giurista d'impresa e delle amministrazioni pubbliche,http://www.unibo.it/it/didattica/corsi-di-studio/corso/2016/0916,Ravenna,Ravenna,Giurisprudenza,Laurea,3,Italiano,,libero accesso con verifica delle conoscenze
2016/2017,False,0918,Ingegneria chimica e biochimica,http://www.unibo.it/it/didattica/corsi-di-studio/corso/2016/0918,Bologna,Bologna,Ingegneria e Architettura,Laurea,3,Italiano,,numero chiuso
2016/2017,False,0919,Ingegneria civile,http://www.unibo.it/it/didattica/corsi-di-studio/corso/2016/0919,Bologna,Bologna,Ingegneria e Architettura,Laurea,3,Italiano,,numero chiuso
2016/2017,True,0920,Ingegneria dell'automazione,http://www.unibo.it/it/didattica/corsi-di-studio/corso/2016/0920,Bologna,Bologna,Ingegneria e Architettura,Laurea,3,Italiano,,numero chiuso
2016/2017,False,0921,Ingegneria edile,http://www.unibo.it/it/didattica/corsi-di-studio/corso/2016/0921,Ravenna,Ravenna,Ingegneria e Architettura,Laurea,3,Italiano,,numero chiuso
2016/2017,True,0923,Ingegneria elettronica e telecomunicazioni,http://www.unibo.it/it/didattica/corsi-di-studio/corso/2016/0923,Bologna,Bologna,Ingegneria e Architettura,Laurea,3,Italiano,,numero chiuso
2016/2017,True,0924,Ingegneria energetica,http://www.unibo.it/it/didattica/corsi-di-studio/corso/2016/0924,Bologna,Bologna,Ingegneria e Architettura,Laurea,3,Italiano,,numero chiuso
2016/2017,True,0925,Ingegneria gestionale,http://www.unibo.it/it/didattica/corsi-di-studio/corso/2016/0925,Bologna,Bologna,Ingegneria e Architettura,Laurea,3,Italiano,,numero chiuso
2016/2017,True,0926,Ingegneria informatica,http://www.unibo.it/it/didattica/corsi-di-studio/corso/2016/0926,Bologna,Bologna,Ingegneria e Architettura,Laurea,3,Italiano,,numero chiuso
2016/2017,True,0927,Ingegneria meccanica,http://www.unibo.it/it/didattica/corsi-di-studio/corso/2016/0927,Bologna,Bologna,Ingegneria e Architettura,Laurea,3,Italiano,,numero chiuso
2016/2017,False,0928,Ingegneria per l'ambiente e il territorio,http://www.unibo.it/it/didattica/corsi-di-studio/corso/2016/0928,Bologna,Bologna,Ingegneria e Architettura,Laurea,3,Italiano,,numero chiuso
2016/2017,True,0930,Ingegneria civile,http://www.unibo.it/it/didattica/corsi-di-studio/corso/2016/0930,Bologna,Bologna,Ingegneria e Architettura,Laurea Magistrale,2,Italiano,,libero accesso con verifica dell'adeguatezza della preparazione
2016/2017,True,0934,Ingegneria elettronica,http://www.unibo.it/it/didattica/corsi-di-studio/corso/2016/0934,Bologna,Bologna,Ingegneria e Architettura,Laurea Magistrale,2,Italiano Inglese,uno o più curricula internazionali,libero accesso con verifica dell'adeguatezza della preparazione
2016/2017,True,0935,Ingegneria energetica,http://www.unibo.it/it/didattica/corsi-di-studio/corso/2016/0935,Bologna,Bologna,Ingegneria e Architettura,Laurea Magistrale,2,Italiano,,libero accesso con verifica dell'adeguatezza della preparazione
2016/2017,True,0936,Ingegneria gestionale,http://www.unibo.it/it/didattica/corsi-di-studio/corso/2016/0936,Bologna,Bologna,Ingegneria e Architettura,Laurea Magistrale,2,Italiano,,libero accesso con verifica dell'adeguatezza della preparazione
2016/2017,True,0937,Ingegneria informatica,http://www.unibo.it/it/didattica/corsi-di-studio/corso/2016/0937,Bologna,Bologna,Ingegneria e Architettura,Laurea Magistrale,2,Italiano,,libero accesso con verifica dell'adeguatezza della preparazione
2016/2017,True,0938,Ingegneria meccanica,http://www.unibo.it/it/didattica/corsi-di-studio/corso/2016/0938,Bologna,Bologna,Ingegneria e Architettura,Laurea Magistrale,2,Italiano,,libero accesso con verifica dell'adeguatezza della preparazione
2016/2017,True,0940,Ingegneria edile - architettura,http://www.unibo.it/it/didattica/corsi-di-studio/corso/2016/0940,Bologna,Bologna,Ingegneria e Architettura,Laurea Magistrale a ciclo unico,5,Italiano,,numero chiuso
2016/2017,True,0946,Ingegneria biomedica,http://www.unibo.it/it/didattica/corsi-di-studio/corso/2016/0946,Cesena,Cesena,Ingegneria e Architettura,Laurea,3,Italiano,,numero chiuso
2016/2017,True,0949,Ingegneria meccanica,http://www.unibo.it/it/didattica/corsi-di-studio/corso/2016/0949,Forlì,Forlì,Ingegneria e Architettura,Laurea,3,Italiano,,numero chiuso
2016/2017,True,0956,"Dams - discipline delle arti, della musica  e dello spettacolo",http://www.unibo.it/it/didattica/corsi-di-studio/corso/2016/0956,Bologna,Bologna,Lettere e Beni culturali,Laurea,3,Italiano,,libero accesso con verifica delle conoscenze
2016/2017,True,0957,Filosofia,http://www.unibo.it/it/didattica/corsi-di-studio/corso/2016/0957,Bologna,Bologna,Lettere e Beni culturali,Laurea,3,Italiano,,libero accesso con verifica delle conoscenze
2016/2017,True,0962,Storia,http://www.unibo.it/it/didattica/corsi-di-studio/corso/2016/0962,Bologna,Bologna,Lettere e Beni culturali,Laurea,3,Italiano,,libero accesso con verifica delle conoscenze
2016/2017,True,0964,Antropologia culturale ed etnologia,http://www.unibo.it/it/didattica/corsi-di-studio/corso/2016/0964,Bologna,Bologna,Lettere e Beni culturali,Laurea Magistrale,2,Italiano,,libero accesso con verifica dell'adeguatezza della preparazione
2016/2017,True,0966,"Cinema, televisione e produzione multimediale",http://www.unibo.it/it/didattica/corsi-di-studio/corso/2016/0966,Bologna,Bologna,Lettere e Beni culturali,Laurea Magistrale,2,Italiano,,libero accesso con verifica dell'adeguatezza della preparazione
2016/2017,True,0970,"Filologia, letteratura e tradizione classica",http://www.unibo.it/it/didattica/corsi-di-studio/corso/2016/0970,Bologna,Bologna,Lettere e Beni culturali,Laurea Magistrale,2,Italiano,,libero accesso con verifica dell'adeguatezza della preparazione
2016/2017,True,0971,Geografia e processi territoriali,http://www.unibo.it/it/didattica/corsi-di-studio/corso/2016/0971,Bologna,Bologna,Lettere e Beni culturali,Laurea Magistrale,2,Italiano,,libero accesso con verifica dell'adeguatezza della preparazione
2016/2017,True,0973,"Italianistica, culture letterarie europee, scienze linguistiche",http://www.unibo.it/it/didattica/corsi-di-studio/corso/2016/0973,Bologna,Bologna,Lettere e Beni culturali,Laurea Magistrale,2,Italiano,,libero accesso con verifica dell'adeguatezza della preparazione
2016/2017,True,0977,Arti visive,http://www.unibo.it/it/didattica/corsi-di-studio/corso/2016/0977,Bologna,Bologna,Lettere e Beni culturali,Laurea Magistrale,2,Italiano,,libero accesso con verifica dell'adeguatezza della preparazione
2016/2017,True,0979,Lingue e letterature straniere,http://www.unibo.it/it/didattica/corsi-di-studio/corso/2016/0979,Bologna,Bologna,"Lingue e Letterature, Traduzione e Interpretazione",Laurea,3,Italiano,,numero chiuso
2016/2017,True,0980,"Lingue, mercati e culture dell'asia",http://www.unibo.it/it/didattica/corsi-di-studio/corso/2016/0980,Bologna,Bologna,"Lingue e Letterature, Traduzione e Interpretazione",Laurea,3,Italiano,,numero chiuso
2016/2017,True,0981,"Letterature moderne, comparate e postcoloniali",http://www.unibo.it/it/didattica/corsi-di-studio/corso/2016/0981,Bologna,Bologna,"Lingue e Letterature, Traduzione e Interpretazione",Laurea Magistrale,2,Italiano,,libero accesso con verifica dell'adeguatezza della preparazione
2016/2017,False,0982,"Lingua, societa' e comunicazione",http://www.unibo.it/it/didattica/corsi-di-studio/corso/2016/0982,Bologna,Bologna,"Lingue e Letterature, Traduzione e Interpretazione",Laurea Magistrale,2,Italiano,,libero accesso con verifica dell'adeguatezza della preparazione
2016/2017,True,0983,Lingua e cultura italiane per stranieri,http://www.unibo.it/it/didattica/corsi-di-studio/corso/2016/0983,Bologna,Bologna,"Lingue e Letterature, Traduzione e Interpretazione",Laurea Magistrale,2,Italiano,,libero accesso con verifica dell'adeguatezza della preparazione
2016/2017,True,0989,Neuroscienze e riabilitazione neuropsicologica,http://www.unibo.it/it/didattica/corsi-di-studio/corso/2016/0989,Cesena,Cesena,Psicologia e Scienze della Formazione,Laurea Magistrale,2,Italiano,,libero accesso con verifica dell'adeguatezza della preparazione
2016/2017,True,0990,Psicologia clinica,http://www.unibo.it/it/didattica/corsi-di-studio/corso/2016/0990,Cesena,Cesena,Psicologia e Scienze della Formazione,Laurea Magistrale,2,Italiano,,libero accesso con verifica dell'adeguatezza della preparazione
2016/2017,True,0991,Psicologia cognitiva applicata,http://www.unibo.it/it/didattica/corsi-di-studio/corso/2016/0991,Cesena,Bologna,Psicologia e Scienze della Formazione,Laurea Magistrale,2,Italiano,,libero accesso con verifica dell'adeguatezza della preparazione
2016/2017,True,0992,Psicologia delle organizzazioni e dei servizi,http://www.unibo.it/it/didattica/corsi-di-studio/corso/2016/0992,Cesena,Cesena,Psicologia e Scienze della Formazione,Laurea Magistrale,2,Italiano,,libero accesso con verifica dell'adeguatezza della preparazione
2016/2017,True,0993,Psicologia scolastica e di comunita',http://www.unibo.it/it/didattica/corsi-di-studio/corso/2016/0993,Cesena,Cesena,Psicologia e Scienze della Formazione,Laurea Magistrale,2,Italiano,,libero accesso con verifica dell'adeguatezza della preparazione
2016/2017,True,8004,Astronomia,http://www.unibo.it/it/didattica/corsi-di-studio/corso/2016/8004,Bologna,Bologna,Scienze,Laurea,3,Italiano,,numero chiuso
2016/2017,True,8005,Biotecnologie,http://www.unibo.it/it/didattica/corsi-di-studio/corso/2016/8005,Bologna,Bologna,"Farmacia, Biotecnologie e Scienze motorie",Laurea,3,Italiano,,numero chiuso
2016/2017,True,8006,Chimica e chimica dei materiali,http://www.unibo.it/it/didattica/corsi-di-studio/corso/2016/8006,Bologna,Bologna,Scienze,Laurea,3,Italiano,,numero chiuso
2016/2017,True,8007,Fisica,http://www.unibo.it/it/didattica/corsi-di-studio/corso/2016/8007,Bologna,Bologna,Scienze,Laurea,3,Italiano,,numero chiuso
2016/2017,True,8009,Informatica,http://www.unibo.it/it/didattica/corsi-di-studio/corso/2016/8009,Bologna,Bologna,Scienze,Laurea,3,Italiano,,numero chiuso
2016/2017,True,8010,Matematica,http://www.unibo.it/it/didattica/corsi-di-studio/corso/2016/8010,Bologna,Bologna,Scienze,Laurea,3,Italiano,,libero accesso con verifica delle conoscenze
2016/2017,True,8011,Scienze ambientali,http://www.unibo.it/it/didattica/corsi-di-studio/corso/2016/8011,Ravenna,Ravenna,Scienze,Laurea,3,Italiano,,libero accesso con verifica delle conoscenze
2016/2017,True,8012,Scienze biologiche,http://www.unibo.it/it/didattica/corsi-di-studio/corso/2016/8012,Bologna,Bologna,"Scienze Farmacia, Biotecnologie e Scienze motorie",Laurea,3,Italiano,,numero chiuso
2016/2017,True,8014,Informatica per il management,http://www.unibo.it/it/didattica/corsi-di-studio/corso/2016/8014,Bologna,Bologna,Scienze,Laurea,3,Italiano,,numero chiuso
2016/2017,True,8015,Scienze geologiche,http://www.unibo.it/it/didattica/corsi-di-studio/corso/2016/8015,Bologna,Bologna,Scienze,Laurea,3,Italiano,,numero chiuso
2016/2017,True,8016,Scienze naturali,http://www.unibo.it/it/didattica/corsi-di-studio/corso/2016/8016,Bologna,Bologna,Scienze,Laurea,3,Italiano,,numero chiuso
2016/2017,True,8018,Astrofisica e cosmologia,http://www.unibo.it/it/didattica/corsi-di-studio/corso/2016/8018,Bologna,Bologna,Scienze,Laurea Magistrale,2,Italiano,,libero accesso con verifica dell'adeguatezza della preparazione
2016/2017,True,8020,Bioinformatics,http://www.unibo.it/it/didattica/corsi-di-studio/corso/2016/8020,Bologna,Bologna,Scienze,Laurea Magistrale,2,Inglese,interamente internazionale,libero accesso con verifica dell'adeguatezza della preparazione
2016/2017,True,8021,Biologia molecolare e cellulare,http://www.unibo.it/it/didattica/corsi-di-studio/corso/2016/8021,Bologna,Bologna,"Farmacia, Biotecnologie e Scienze motorie",Laurea Magistrale,2,Italiano,,libero accesso con verifica dell'adeguatezza della preparazione
2016/2017,True,8022,Biotecnologie molecolari e industriali,http://www.unibo.it/it/didattica/corsi-di-studio/corso/2016/8022,Bologna,Bologna,"Farmacia, Biotecnologie e Scienze motorie",Laurea Magistrale,2,Italiano,,libero accesso con verifica dell'adeguatezza della preparazione
2016/2017,True,8023,Biologia della salute,http://www.unibo.it/it/didattica/corsi-di-studio/corso/2016/8023,Bologna,Bologna,"Farmacia, Biotecnologie e Scienze motorie",Laurea Magistrale,2,Italiano,,libero accesso con verifica dell'adeguatezza della preparazione
2016/2017,True,8025,Fisica,http://www.unibo.it/it/didattica/corsi-di-studio/corso/2016/8025,Bologna,Bologna,Scienze,Laurea Magistrale,2,Italiano,,libero accesso con verifica dell'adeguatezza della preparazione
2016/2017,True,8026,Fotochimica e materiali molecolari,http://www.unibo.it/it/didattica/corsi-di-studio/corso/2016/8026,Bologna,Bologna,Scienze,Laurea Magistrale,2,Italiano,,libero accesso con verifica dell'adeguatezza della preparazione
2016/2017,True,8027,Geologia e territorio,http://www.unibo.it/it/didattica/corsi-di-studio/corso/2016/8027,Bologna,Bologna,Scienze,Laurea Magistrale,2,Italiano,,libero accesso con verifica dell'adeguatezza della preparazione
2016/2017,True,8028,Informatica,http://www.unibo.it/it/didattica/corsi-di-studio/corso/2016/8028,Bologna,Bologna,Scienze,Laurea Magistrale,2,Italiano,,libero accesso con verifica dell'adeguatezza della preparazione
2016/2017,True,8036,Scienze e tecniche dell'attivita' motoria preventiva e adattata,http://www.unibo.it/it/didattica/corsi-di-studio/corso/2016/8036,Bologna,Bologna,"Farmacia, Biotecnologie e Scienze motorie",Laurea Magistrale,2,Italiano,,libero accesso con verifica dell'adeguatezza della preparazione
2016/2017,True,8037,Scienze e tecniche dell'attivita' sportiva,http://www.unibo.it/it/didattica/corsi-di-studio/corso/2016/8037,Bologna,Bologna,"Farmacia, Biotecnologie e Scienze motorie",Laurea Magistrale,2,Italiano,,libero accesso con verifica dell'adeguatezza della preparazione
2016/2017,True,8038,"Economia, mercati e istituzioni",http://www.unibo.it/it/didattica/corsi-di-studio/corso/2016/8038,Bologna,Bologna,"Economia, Management e Statistica",Laurea,3,Italiano,,numero chiuso
2016/2017,True,8040,Servizio sociale,http://www.unibo.it/it/didattica/corsi-di-studio/corso/2016/8040,Bologna,Bologna,Scienze politiche,Laurea,3,Italiano,,numero chiuso
2016/2017,True,8048,Scienze internazionali e diplomatiche,http://www.unibo.it/it/didattica/corsi-di-studio/corso/2016/8048,Forlì,Forlì,Scienze politiche,Laurea,3,Italiano,,libero accesso con verifica delle conoscenze
2016/2017,True,8049,Interdisciplinary research and studies on eastern europe,http://www.unibo.it/it/didattica/corsi-di-studio/corso/2016/8049,Forlì,Forlì,Scienze politiche,Laurea Magistrale,2,Inglese,interamente internazionale,libero accesso con verifica dell'adeguatezza della preparazione
2016/2017,True,8051,Mass media e politica,http://www.unibo.it/it/didattica/corsi-di-studio/corso/2016/8051,Forlì,Forlì,Scienze politiche,Laurea Magistrale,2,Italiano,,libero accesso con verifica dell'adeguatezza della preparazione
2016/2017,False,8053,"Finanza, assicurazioni e impresa",http://www.unibo.it/it/didattica/corsi-di-studio/corso/2016/8053,Rimini,Rimini,"Economia, Management e Statistica",Laurea,3,Italiano,,libero
2016/2017,False,8054,Scienze statistiche,http://www.unibo.it/it/didattica/corsi-di-studio/corso/2016/8054,Bologna,Bologna,"Economia, Management e Statistica",Laurea,3,Italiano,,libero
2016/2017,True,8059,Mediazione linguistica interculturale,http://www.unibo.it/it/didattica/corsi-di-studio/corso/2016/8059,Forlì,Forlì,"Lingue e Letterature, Traduzione e Interpretazione",Laurea,3,Italiano,,numero chiuso
2016/2017,True,8060,Interpretazione,http://www.unibo.it/it/didattica/corsi-di-studio/corso/2016/8060,Forlì,Forlì,"Lingue e Letterature, Traduzione e Interpretazione",Laurea Magistrale,2,Italiano,,numero chiuso
2016/2017,False,8061,Traduzione specializzata,http://www.unibo.it/it/didattica/corsi-di-studio/corso/2016/8061,Forlì,Forlì,"Lingue e Letterature, Traduzione e Interpretazione",Laurea Magistrale,2,Italiano,,numero chiuso
2016/2017,True,8182,Design del prodotto industriale,http://www.unibo.it/it/didattica/corsi-di-studio/corso/2016/8182,Bologna,Bologna,Ingegneria e Architettura,Laurea,3,Italiano,,numero chiuso
2016/2017,True,8198,Ingegneria biomedica,http://www.unibo.it/it/didattica/corsi-di-studio/corso/2016/8198,Cesena,Cesena,Ingegneria e Architettura,Laurea Magistrale,2,Italiano,,libero accesso con verifica dell'adeguatezza della preparazione
2016/2017,True,8204,Odontoiatria e protesi dentaria,http://www.unibo.it/it/didattica/corsi-di-studio/corso/2016/8204,Bologna,Bologna,Medicina e Chirurgia,Laurea Magistrale a ciclo unico,6,Italiano,,numero chiuso
2016/2017,True,8208,Matematica,http://www.unibo.it/it/didattica/corsi-di-studio/corso/2016/8208,Bologna,Bologna,Scienze,Laurea Magistrale,2,Italiano,,libero accesso con verifica dell'adeguatezza della preparazione
2016/2017,True,8209,Scienze e gestione della natura,http://www.unibo.it/it/didattica/corsi-di-studio/corso/2016/8209,Bologna,Bologna,Scienze,Laurea Magistrale,2,Italiano,,libero accesso con verifica dell'adeguatezza della preparazione
2016/2017,True,8210,Management delle attivita' motorie e sportive,http://www.unibo.it/it/didattica/corsi-di-studio/corso/2016/8210,Rimini,Rimini,"Farmacia, Biotecnologie e Scienze motorie",Laurea Magistrale,2,Italiano,,libero accesso con verifica dell'adeguatezza della preparazione
2016/2017,False,8211,Civil engineering,http://www.unibo.it/it/didattica/corsi-di-studio/corso/2016/8211,Bologna,Bologna,Ingegneria e Architettura,Laurea Magistrale,2,Inglese,interamente internazionale,libero accesso con verifica dell'adeguatezza della preparazione
2016/2017,True,8263,Ingegneria aerospaziale,http://www.unibo.it/it/didattica/corsi-di-studio/corso/2016/8263,Forlì,Forlì,Ingegneria e Architettura,Laurea,3,Italiano,,numero chiuso
2016/2017,False,8405,Economia aziendale,http://www.unibo.it/it/didattica/corsi-di-studio/corso/2016/8405,Bologna,Bologna,"Economia, Management e Statistica",Laurea,3,Italiano,,numero chiuso
2016/2017,True,8406,Management e marketing,http://www.unibo.it/it/didattica/corsi-di-studio/corso/2016/8406,Bologna,Bologna,"Economia, Management e Statistica",Laurea,3,Italiano,,numero chiuso
2016/2017,False,8407,Business and economics,http://www.unibo.it/it/didattica/corsi-di-studio/corso/2016/8407,Bologna,Bologna,"Economia, Management e Statistica",Laurea,3,Inglese,interamente internazionale,numero chiuso
2016/2017,True,8408,Economics,http://www.unibo.it/it/didattica/corsi-di-studio/corso/2016/8408,Bologna,Bologna,"Economia, Management e Statistica",Laurea Magistrale,2,Inglese,interamente internazionale,libero accesso con verifica dell'adeguatezza della preparazione
2016/2017,True,8412,Chimica e tecnologia farmaceutiche,http://www.unibo.it/it/didattica/corsi-di-studio/corso/2016/8412,Bologna,Bologna,"Farmacia, Biotecnologie e Scienze motorie",Laurea Magistrale a ciclo unico,5,Italiano,,numero chiuso
2016/2017,True,8413,Farmacia,http://www.unibo.it/it/didattica/corsi-di-studio/corso/2016/8413,Bologna,Bologna,"Farmacia, Biotecnologie e Scienze motorie",Laurea Magistrale a ciclo unico,5,Italiano,,numero chiuso
2016/2017,True,8414,Farmacia,http://www.unibo.it/it/didattica/corsi-di-studio/corso/2016/8414,Rimini,Rimini,"Farmacia, Biotecnologie e Scienze motorie",Laurea Magistrale a ciclo unico,5,Italiano,,numero chiuso
2016/2017,True,8415,Medicina e chirurgia,http://www.unibo.it/it/didattica/corsi-di-studio/corso/2016/8415,Bologna,Bologna,Medicina e Chirurgia,Laurea Magistrale a ciclo unico,6,Italiano,,numero chiuso
2016/2017,True,8418,Analisi e gestione dell'ambiente,http://www.unibo.it/it/didattica/corsi-di-studio/corso/2016/8418,Ravenna,Ravenna,Scienze,Laurea Magistrale,2,Italiano Inglese,uno o più curricula internazionali,libero accesso con verifica dell'adeguatezza della preparazione
2016/2017,True,8419,Biodiversita' ed evoluzione,http://www.unibo.it/it/didattica/corsi-di-studio/corso/2016/8419,Bologna,Bologna,Scienze,Laurea Magistrale,2,Italiano,,libero accesso con verifica dell'adeguatezza della preparazione
2016/2017,True,8420,Economia e politica economica,http://www.unibo.it/it/didattica/corsi-di-studio/corso/2016/8420,Bologna,Bologna,"Economia, Management e Statistica",Laurea Magistrale,2,Italiano Inglese,uno o più curricula internazionali,libero accesso con verifica dell'adeguatezza della preparazione
2016/2017,True,8470,Dietistica (abilitante alla professione sanitaria di dietista),http://www.unibo.it/it/didattica/corsi-di-studio/corso/2016/8470,Bologna,Bologna,Medicina e Chirurgia,Laurea,3,Italiano,,numero chiuso
2016/2017,False,8471,Ostetricia (abilitante alla professione sanitaria di ostetrica,http://www.unibo.it/it/didattica/corsi-di-studio/corso/2016/8471,Bologna,Bologna,Medicina e Chirurgia,Laurea,3,Italiano,,numero chiuso
2016/2017,False,8472,Ostetricia (abilitante alla professione sanitaria di ostetrica,http://www.unibo.it/it/didattica/corsi-di-studio/corso/2016/8472,Rimini,Rimini,Medicina e Chirurgia,Laurea,3,Italiano,,numero chiuso
2016/2017,True,8473,Infermieristica (abilitante alla professione sanitaria di infermiere),http://www.unibo.it/it/didattica/corsi-di-studio/corso/2016/8473,Bologna,Bologna,Medicina e Chirurgia,Laurea,3,Italiano,,numero chiuso
2016/2017,True,8474,Infermieristica (abilitante alla professione sanitaria di infermiere),http://www.unibo.it/it/didattica/corsi-di-studio/corso/2016/8474,Ravenna,Faenza,Medicina e Chirurgia,Laurea,3,Italiano,,numero chiuso
2016/2017,True,8475,Infermieristica (abilitante alla professione sanitaria di infermiere),http://www.unibo.it/it/didattica/corsi-di-studio/corso/2016/8475,Rimini,Rimini,Medicina e Chirurgia,Laurea,3,Italiano,,numero chiuso
2016/2017,True,8476,Fisioterapia (abilitante alla professione sanitaria di fisioterapista),http://www.unibo.it/it/didattica/corsi-di-studio/corso/2016/8476,Bologna,Bologna,Medicina e Chirurgia,Laurea,3,Italiano,,numero chiuso
2016/2017,True,8477,Educazione professionale (abilitante alla professione sanitaria di educatore professionale),http://www.unibo.it/it/didattica/corsi-di-studio/corso/2016/8477,Bologna,Imola,Medicina e Chirurgia,Laurea,3,Italiano,,numero chiuso
2016/2017,True,8478,Logopedia (abilitante alla professione sanitaria di logopedista),http://www.unibo.it/it/didattica/corsi-di-studio/corso/2016/8478,Ravenna,Faenza,Medicina e Chirurgia,Laurea,3,Italiano,,numero chiuso
2016/2017,True,8479,Podologia (abilitante alla professione sanitaria di podologo),http://www.unibo.it/it/didattica/corsi-di-studio/corso/2016/8479,Bologna,Bologna,Medicina e Chirurgia,Laurea,3,Italiano,,numero chiuso
2016/2017,True,8481,Igiene dentale (abilitante alla professione sanitaria di igienista dentale),http://www.unibo.it/it/didattica/corsi-di-studio/corso/2016/8481,Bologna,Bologna,Medicina e Chirurgia,Laurea,3,Italiano,,numero chiuso
2016/2017,True,8482,Tecniche di neurofisiopatologia (abilitante alla professione sanitaria di tecnico di neurofisiopatologia),http://www.unibo.it/it/didattica/corsi-di-studio/corso/2016/8482,Bologna,Bologna,Medicina e Chirurgia,Laurea,3,Italiano,,numero chiuso
2016/2017,True,8483,Tecniche ortopediche (abilitante alla professione sanitaria di tecnico ortopedico),http://www.unibo.it/it/didattica/corsi-di-studio/corso/2016/8483,Bologna,Bologna,Medicina e Chirurgia,Laurea,3,Italiano,,numero chiuso
2016/2017,True,8484,Tecniche di laboratorio biomedico (abilitante alla professione sanitaria di tecnico di laboratorio biomedico),http://www.unibo.it/it/didattica/corsi-di-studio/corso/2016/8484,Bologna,Bologna,Medicina e Chirurgia,Laurea,3,Italiano,,numero chiuso
2016/2017,True,8485,"Tecniche di radiologia medica, per immagini e radioterapia (abilitante alla professione sanitaria di tecnico di radiologia medica)",http://www.unibo.it/it/didattica/corsi-di-studio/corso/2016/8485,Bologna,Bologna,Medicina e Chirurgia,Laurea,3,Italiano,,numero chiuso
2016/2017,True,8486,"Tecniche di radiologia medica, per immagini e radioterapia (abilitante alla professione sanitaria di tecnico di radiologia medica)",http://www.unibo.it/it/didattica/corsi-di-studio/corso/2016/8486,Rimini,Rimini,Medicina e Chirurgia,Laurea,3,Italiano,,numero chiuso
2016/2017,True,8487,Tecniche della prevenzione nell'ambiente e nei luoghi di lavoro (abilitante  alla professione sanitaria di tecnico della prevenzione nell'ambiente e nei luoghi di lavoro),http://www.unibo.it/it/didattica/corsi-di-studio/corso/2016/8487,Bologna,Imola,Medicina e Chirurgia,Laurea,3,Italiano,,numero chiuso
2016/2017,True,8488,Scienze infermieristiche e ostetriche,http://www.unibo.it/it/didattica/corsi-di-studio/corso/2016/8488,Bologna,Bologna,Medicina e Chirurgia,Laurea Magistrale,2,Italiano,,numero chiuso
2016/2017,True,8491,Scienze criminologiche per l'investigazione e la sicurezza,http://www.unibo.it/it/didattica/corsi-di-studio/corso/2016/8491,Forlì,Forlì,Scienze politiche,Laurea Magistrale,2,Italiano,,libero accesso con verifica dell'adeguatezza della preparazione
2016/2017,True,8493,"Antropologia, religioni, civilta' orientali",http://www.unibo.it/it/didattica/corsi-di-studio/corso/2016/8493,Bologna,Bologna,Lettere e Beni culturali,Laurea,3,Italiano,,libero accesso con verifica delle conoscenze
2016/2017,True,8495,Sociologia,http://www.unibo.it/it/didattica/corsi-di-studio/corso/2016/8495,Forlì,Forlì,Scienze politiche,Laurea,3,Italiano,,libero accesso con verifica delle conoscenze
2016/2017,False,8510,Sviluppo e cooperazione internazionale,http://www.unibo.it/it/didattica/corsi-di-studio/corso/2016/8510,Bologna,Bologna,Scienze politiche,Laurea,3,Italiano,,libero accesso con verifica delle conoscenze
2016/2017,True,8512,Scienze delle attivita' motorie e sportive,http://www.unibo.it/it/didattica/corsi-di-studio/corso/2016/8512,Bologna,Bologna,"Farmacia, Biotecnologie e Scienze motorie",Laurea,3,Italiano,,numero chiuso
2016/2017,True,8513,Chimica industriale,http://www.unibo.it/it/didattica/corsi-di-studio/corso/2016/8513,Bologna,Bologna,Scienze,Laurea,3,Italiano,,numero chiuso
2016/2017,True,8514,Chimica e tecnologie per l'ambiente e per i materiali,http://www.unibo.it/it/didattica/corsi-di-studio/corso/2016/8514,Rimini,Rimini,Scienze,Laurea,3,Italiano,,libero accesso con verifica delle conoscenze
2016/2017,True,8515,Chimica e tecnologie per l'ambiente e per i materiali,http://www.unibo.it/it/didattica/corsi-di-studio/corso/2016/8515,Ravenna,Faenza,Scienze,Laurea,3,Italiano,,libero accesso con verifica delle conoscenze
2016/2017,True,8517,Controllo di qualita' dei prodotti per la salute,http://www.unibo.it/it/didattica/corsi-di-studio/corso/2016/8517,Rimini,Rimini,"Farmacia, Biotecnologie e Scienze motorie",Laurea,3,Italiano,,numero chiuso
2016/2017,True,8518,Scienze farmaceutiche applicate,http://www.unibo.it/it/didattica/corsi-di-studio/corso/2016/8518,Bologna,Imola,"Farmacia, Biotecnologie e Scienze motorie",Laurea,3,Italiano,,numero chiuso
2016/2017,True,8519,Biotecnologie farmaceutiche,http://www.unibo.it/it/didattica/corsi-di-studio/corso/2016/8519,Bologna,Bologna,"Farmacia, Biotecnologie e Scienze motorie",Laurea Magistrale,2,Italiano,,libero accesso con verifica dell'adeguatezza della preparazione
2016/2017,True,8521,Sicurezza e qualita' delle produzioni animali,http://www.unibo.it/it/didattica/corsi-di-studio/corso/2016/8521,Bologna,Ozzano dell' Emilia,Agraria e Medicina veterinaria,Laurea Magistrale,2,Italiano,,libero accesso con verifica dell'adeguatezza della preparazione
2016/2017,True,8522,Biotecnologie animali,http://www.unibo.it/it/didattica/corsi-di-studio/corso/2016/8522,Bologna,Ozzano dell' Emilia,Agraria e Medicina veterinaria,Laurea Magistrale,2,Italiano,,libero accesso con verifica dell'adeguatezza della preparazione
2016/2017,True,8523,Verde ornamentale e tutela del paesaggio,http://www.unibo.it/it/didattica/corsi-di-studio/corso/2016/8523,Bologna,Imola,Agraria e Medicina veterinaria,Laurea,3,Italiano,,libero accesso con verifica delle conoscenze
2016/2017,True,8524,Tecnologie agrarie,http://www.unibo.it/it/didattica/corsi-di-studio/corso/2016/8524,Bologna,Bologna,Agraria e Medicina veterinaria,Laurea,3,Italiano,,numero chiuso
2016/2017,True,8525,Scienze del territorio e dell'ambiente agro-forestale,http://www.unibo.it/it/didattica/corsi-di-studio/corso/2016/8525,Bologna,Bologna,Agraria e Medicina veterinaria,Laurea,3,Italiano,,numero chiuso
2016/2017,True,8526,Economia e marketing nel sistema agro-industriale,http://www.unibo.it/it/didattica/corsi-di-studio/corso/2016/8526,Bologna,Bologna,Agraria e Medicina veterinaria,Laurea,3,Italiano,,numero chiuso
2016/2017,True,8527,Viticoltura ed enologia,http://www.unibo.it/it/didattica/corsi-di-studio/corso/2016/8527,Cesena,Cesena,Agraria e Medicina veterinaria,Laurea,3,Italiano,,numero chiuso
2016/2017,True,8528,Tecnologie alimentari,http://www.unibo.it/it/didattica/corsi-di-studio/corso/2016/8528,Cesena,Cesena,Agraria e Medicina veterinaria,Laurea,3,Italiano,,numero chiuso
2016/2017,False,8529,Produzioni animali e controllo della fauna selvatica,http://www.unibo.it/it/didattica/corsi-di-studio/corso/2016/8529,Bologna,Bologna,Agraria e Medicina veterinaria,Laurea,3,Italiano,,numero chiuso
2016/2017,False,8530,Scienze e tecnologie agrarie,http://www.unibo.it/it/didattica/corsi-di-studio/corso/2016/8530,Bologna,Bologna,Agraria e Medicina veterinaria,Laurea Magistrale,2,Italiano,,libero accesso con verifica dell'adeguatezza della preparazione
2016/2017,True,8531,Scienze e tecnologie alimentari,http://www.unibo.it/it/didattica/corsi-di-studio/corso/2016/8531,Cesena,Cesena,Agraria e Medicina veterinaria,Laurea Magistrale,2,Italiano,,libero accesso con verifica dell'adeguatezza della preparazione
2016/2017,True,8532,"Progettazione e gestione degli ecosistemi agro-territoriali, forestali e del paesaggio",http://www.unibo.it/it/didattica/corsi-di-studio/corso/2016/8532,Bologna,Bologna,Agraria e Medicina veterinaria,Laurea Magistrale,2,Italiano,,libero accesso con verifica dell'adeguatezza della preparazione
2016/2017,True,8537,Science for the conservation - restoration of cultural heritage,http://www.unibo.it/it/didattica/corsi-di-studio/corso/2016/8537,Ravenna,Ravenna,Scienze,Laurea Magistrale,2,Inglese,interamente internazionale,libero accesso con verifica dell'adeguatezza della preparazione
2016/2017,True,8540,Scienze della formazione primaria,http://www.unibo.it/it/didattica/corsi-di-studio/corso/2016/8540,Bologna,Bologna,Psicologia e Scienze della Formazione,Laurea Magistrale a ciclo unico,5,Italiano,,numero chiuso
2016/2017,True,8609,Tourism economics and management ,http://www.unibo.it/it/didattica/corsi-di-studio/corso/2016/8609,Rimini,Rimini,"Economia, Management e Statistica",Laurea Magistrale,2,Inglese,interamente internazionale,libero accesso con verifica dell'adeguatezza della preparazione
2016/2017,True,8610,Ingegneria dell'energia elettrica,http://www.unibo.it/it/didattica/corsi-di-studio/corso/2016/8610,Bologna,Bologna,Ingegneria e Architettura,Laurea,3,Italiano,,numero chiuso
2016/2017,True,8611,Ingegneria dell'energia elettrica,http://www.unibo.it/it/didattica/corsi-di-studio/corso/2016/8611,Bologna,Bologna,Ingegneria e Architettura,Laurea Magistrale,2,Italiano Inglese,uno o più curricula internazionali,libero accesso con verifica dell'adeguatezza della preparazione
2016/2017,True,8614,Ingegneria e scienze informatiche,http://www.unibo.it/it/didattica/corsi-di-studio/corso/2016/8614,Cesena,Cesena,Ingegneria e Architettura,Laurea Magistrale,2,Italiano,,libero accesso con verifica dell'adeguatezza della preparazione
2016/2017,True,8615,Ingegneria e scienze informatiche,http://www.unibo.it/it/didattica/corsi-di-studio/corso/2016/8615,Cesena,Cesena,Scienze,Laurea,3,Italiano,,numero chiuso
2016/2017,True,8616,Conservazione e restauro dei beni culturali,http://www.unibo.it/it/didattica/corsi-di-studio/corso/2016/8616,Ravenna,Ravenna,Lettere e Beni culturali,Laurea Magistrale a ciclo unico,5,Italiano,,numero chiuso
2016/2017,True,8617,Medicina veterinaria,http://www.unibo.it/it/didattica/corsi-di-studio/corso/2016/8617,Bologna,Ozzano dell' Emilia,Agraria e Medicina veterinaria,Laurea Magistrale a ciclo unico,5,Italiano,,numero chiuso
2016/2017,True,8626,Fisica del sistema terra,http://www.unibo.it/it/didattica/corsi-di-studio/corso/2016/8626,Bologna,Bologna,Scienze,Laurea Magistrale,2,Italiano,,libero accesso con verifica dell'adeguatezza della preparazione
2016/2017,False,8765,International horticultural science ,http://www.unibo.it/it/didattica/corsi-di-studio/corso/2016/8765,Bologna,Bologna,Agraria e Medicina veterinaria,Laurea Magistrale,2,Inglese,interamente internazionale,libero accesso con verifica dell'adeguatezza della preparazione
2016/2017,True,8766,Scienze delle attivita' motorie e sportive,http://www.unibo.it/it/didattica/corsi-di-studio/corso/2016/8766,Rimini,Rimini,"Farmacia, Biotecnologie e Scienze motorie",Laurea,3,Italiano,,numero chiuso
2016/2017,True,8767,Ingegneria elettronica per l'energia e l'informazione,http://www.unibo.it/it/didattica/corsi-di-studio/corso/2016/8767,Cesena,Cesena,Ingegneria e Architettura,Laurea,3,Italiano,,numero chiuso
2016/2017,True,8769,Aerospace engineering ,http://www.unibo.it/it/didattica/corsi-di-studio/corso/2016/8769,Forlì,Forlì,Ingegneria e Architettura,Laurea Magistrale,2,Inglese,interamente internazionale,numero chiuso
2016/2017,True,8770,Ingegneria elettronica e telecomunicazioni per l’energia,http://www.unibo.it/it/didattica/corsi-di-studio/corso/2016/8770,Cesena,Cesena,Ingegneria e Architettura,Laurea Magistrale,2,Italiano,,libero accesso con verifica dell'adeguatezza della preparazione
2016/2017,True,8771,Ingegneria meccanica,http://www.unibo.it/it/didattica/corsi-di-studio/corso/2016/8771,Forlì,Forlì,Ingegneria e Architettura,Laurea Magistrale,2,Italiano,,numero chiuso
2016/2017,True,8772,Culture e tecniche della moda,http://www.unibo.it/it/didattica/corsi-di-studio/corso/2016/8772,Rimini,Rimini,Lettere e Beni culturali,Laurea,3,Italiano,,libero accesso con verifica dell'adeguatezza della preparazione
2016/2017,True,8773,Scienze filosofiche,http://www.unibo.it/it/didattica/corsi-di-studio/corso/2016/8773,Bologna,Bologna,Lettere e Beni culturali,Laurea Magistrale,2,Italiano,,libero accesso con verifica dell'adeguatezza della preparazione
2016/2017,True,8774,Scienze e tecniche psicologiche,http://www.unibo.it/it/didattica/corsi-di-studio/corso/2016/8774,Cesena,Cesena,Psicologia e Scienze della Formazione,Laurea,3,Italiano,,numero chiuso
2016/2017,True,8775,Educatore nei servizi per l'infanzia,http://www.unibo.it/it/didattica/corsi-di-studio/corso/2016/8775,Bologna,Bologna,Psicologia e Scienze della Formazione,Laurea,3,Italiano,,numero chiuso
2016/2017,True,8776,Educatore sociale e culturale,http://www.unibo.it/it/didattica/corsi-di-studio/corso/2016/8776,Bologna,Bologna,Psicologia e Scienze della Formazione,Laurea,3,Italiano,,numero chiuso
2016/2017,True,8777,Educatore sociale e culturale,http://www.unibo.it/it/didattica/corsi-di-studio/corso/2016/8777,Rimini,Rimini,Psicologia e Scienze della Formazione,Laurea,3,Italiano,,numero chiuso
2016/2017,True,8778,Progettazione e gestione dell'intervento educativo nel disagio sociale,http://www.unibo.it/it/didattica/corsi-di-studio/corso/2016/8778,Bologna,Bologna,Psicologia e Scienze della Formazione,Laurea Magistrale,2,Italiano,,numero chiuso
2016/2017,True,8779,Progettazione e gestione dell'intervento educativo nel disagio sociale,http://www.unibo.it/it/didattica/corsi-di-studio/corso/2016/8779,Rimini,Rimini,Psicologia e Scienze della Formazione,Laurea Magistrale,2,Italiano,,numero chiuso
2016/2017,True,8780,Scienze dell’educazione permanente e della formazione continua,http://www.unibo.it/it/didattica/corsi-di-studio/corso/2016/8780,Bologna,Bologna,Psicologia e Scienze della Formazione,Laurea Magistrale,2,Italiano,,libero accesso con verifica dell'adeguatezza della preparazione
2016/2017,False,8781,Pedagogia,http://www.unibo.it/it/didattica/corsi-di-studio/corso/2016/8781,Bologna,Bologna,Psicologia e Scienze della Formazione,Laurea Magistrale,2,Italiano,,numero chiuso
2016/2017,True,8782,Relazioni internazionali,http://www.unibo.it/it/didattica/corsi-di-studio/corso/2016/8782,Bologna,Bologna,Scienze politiche,Laurea Magistrale,2,Italiano Inglese,uno o più curricula internazionali,libero accesso con verifica dell'adeguatezza della preparazione
2016/2017,True,8783,Scienze internazionali e diplomatiche,http://www.unibo.it/it/didattica/corsi-di-studio/corso/2016/8783,Forlì,Forlì,Scienze politiche,Laurea Magistrale,2,Italiano Inglese,uno o più curricula internazionali,libero accesso con verifica dell'adeguatezza della preparazione
2016/2017,True,8784,"Politica, amministrazione e organizzazione",http://www.unibo.it/it/didattica/corsi-di-studio/corso/2016/8784,Bologna,Bologna,Scienze politiche,Laurea Magistrale,2,Italiano,,libero accesso con verifica dell'adeguatezza della preparazione
2016/2017,False,8785,Sviluppo locale e globale,http://www.unibo.it/it/didattica/corsi-di-studio/corso/2016/8785,Bologna,Bologna,Scienze politiche,Laurea Magistrale,2,Italiano,,libero accesso con verifica dell'adeguatezza della preparazione
2016/2017,True,8786,Sociologia e servizio sociale,http://www.unibo.it/it/didattica/corsi-di-studio/corso/2016/8786,Bologna,Bologna,Scienze politiche,Laurea Magistrale,2,Italiano,,libero accesso con verifica dell'adeguatezza della preparazione
2016/2017,True,8829,Ingegneria dei processi e dei sistemi edilizi,http://www.unibo.it/it/didattica/corsi-di-studio/corso/2016/8829,Ravenna,Ravenna,Ingegneria e Architettura,Laurea Magistrale,2,Italiano Inglese,uno o più curricula internazionali,libero accesso con verifica dell'adeguatezza della preparazione
2016/2017,True,8834,Acquacoltura e igiene delle produzioni ittiche,http://www.unibo.it/it/didattica/corsi-di-studio/corso/2016/8834,Cesena,Cesenatico,Agraria e Medicina veterinaria,Laurea,3,Italiano,,libero accesso con verifica delle conoscenze
2016/2017,True,8835,Economics and finance ,http://www.unibo.it/it/didattica/corsi-di-studio/corso/2016/8835,Bologna,Bologna,"Economia, Management e Statistica",Laurea,3,Inglese,interamente internazionale,numero chiuso
2016/2017,True,8836,"Beni archeologici, artistici e del paesaggio: storia, tutela e valorizzazione",http://www.unibo.it/it/didattica/corsi-di-studio/corso/2016/8836,Ravenna,Ravenna,Lettere e Beni culturali,Laurea Magistrale,2,Italiano,,libero accesso con verifica dell'adeguatezza della preparazione
2016/2017,True,8837,Discipline della musica e del teatro,http://www.unibo.it/it/didattica/corsi-di-studio/corso/2016/8837,Bologna,Bologna,Lettere e Beni culturali,Laurea Magistrale,2,Italiano,,libero accesso con verifica dell'adeguatezza della preparazione
2016/2017,True,8838,Scienze del libro e del documento,http://www.unibo.it/it/didattica/corsi-di-studio/corso/2016/8838,Ravenna,Ravenna,Lettere e Beni culturali,Laurea Magistrale,2,Italiano,,libero accesso con verifica dell'adeguatezza della preparazione
2016/2017,True,8839,Resource economics and sustainable development ,http://www.unibo.it/it/didattica/corsi-di-studio/corso/2016/8839,Rimini,Rimini,"Economia, Management e Statistica",Laurea Magistrale,2,Inglese,interamente internazionale,libero accesso con verifica dell'adeguatezza della preparazione
2016/2017,True,8840,Comunicazione pubblica e d'impresa,http://www.unibo.it/it/didattica/corsi-di-studio/corso/2016/8840,Bologna,Bologna,Scienze politiche,Laurea Magistrale,2,Italiano,,numero chiuso
2016/2017,False,8841,Fashion culture and management ,http://www.unibo.it/it/didattica/corsi-di-studio/corso/2016/8841,Rimini,Rimini,Lettere e Beni culturali,Laurea Magistrale,2,Inglese,interamente internazionale,libero
2016/2017,True,8842,Amministrazione e gestione d'impresa,http://www.unibo.it/it/didattica/corsi-di-studio/corso/2016/8842,Rimini,Rimini,"Economia, Management e Statistica",Laurea Magistrale,2,Italiano Inglese,uno o più curricula internazionali,numero chiuso
2016/2017,True,8843,Management dell’economia sociale,http://www.unibo.it/it/didattica/corsi-di-studio/corso/2016/8843,Forlì,Forlì,"Economia, Management e Statistica",Laurea Magistrale,2,Italiano,,libero accesso con verifica dell'adeguatezza della preparazione
2016/2017,True,8845,Scienze storiche e orientalistiche,http://www.unibo.it/it/didattica/corsi-di-studio/corso/2016/8845,Bologna,Bologna,Lettere e Beni culturali,Laurea Magistrale,2,Italiano Inglese,uno o più curricula internazionali,libero accesso con verifica dell'adeguatezza della preparazione
2016/2017,False,8846,Telecommunications engineering ,http://www.unibo.it/it/didattica/corsi-di-studio/corso/2016/8846,Bologna,Bologna,Ingegneria e Architettura,Laurea Magistrale,2,Inglese,interamente internazionale,libero accesso con verifica dell'adeguatezza della preparazione
2016/2017,True,8847,Economia del turismo,http://www.unibo.it/it/didattica/corsi-di-studio/corso/2016/8847,Rimini,Rimini,"Economia, Management e Statistica",Laurea,3,Italiano Inglese,uno o più curricula internazionali,numero chiuso
2016/2017,True,8848,Economia dell'impresa,http://www.unibo.it/it/didattica/corsi-di-studio/corso/2016/8848,Rimini,Rimini,"Economia, Management e Statistica",Laurea,3,Italiano,,numero chiuso
2016/2017,True,8849,Beni culturali,http://www.unibo.it/it/didattica/corsi-di-studio/corso/2016/8849,Ravenna,Ravenna,Lettere e Beni culturali,Laurea,3,Italiano,,libero accesso con verifica delle conoscenze
2016/2017,True,8850,Lettere,http://www.unibo.it/it/didattica/corsi-di-studio/corso/2016/8850,Bologna,Bologna,Lettere e Beni culturali,Laurea,3,Italiano,,libero accesso con verifica delle conoscenze
2016/2017,False,8851,Economia e commercio,http://www.unibo.it/it/didattica/corsi-di-studio/corso/2016/8851,Forlì,Forlì,"Economia, Management e Statistica",Laurea,3,Italiano,,numero chiuso
2016/2017,False,8852,Scienze della comunicazione,http://www.unibo.it/it/didattica/corsi-di-studio/corso/2016/8852,Bologna,Bologna,Lettere e Beni culturali,Laurea,3,Italiano,,libero accesso con verifica delle conoscenze
2016/2017,True,8853,"Scienze politiche, sociali e internazionali",http://www.unibo.it/it/didattica/corsi-di-studio/corso/2016/8853,Bologna,Bologna,Scienze politiche,Laurea,3,Italiano,,libero accesso con verifica delle conoscenze
2016/2017,True,8854,Quantitative finance,http://www.unibo.it/it/didattica/corsi-di-studio/corso/2016/8854,Bologna,Bologna,"Economia, Management e Statistica",Laurea Magistrale,2,Inglese,interamente internazionale,libero accesso con verifica dell'adeguatezza della preparazione
2016/2017,True,8855,Archeologia e culture del mondo antico,http://www.unibo.it/it/didattica/corsi-di-studio/corso/2016/8855,Bologna,Bologna,Lettere e Beni culturali,Laurea Magistrale,2,Italiano,,libero accesso con verifica dell'adeguatezza della preparazione
2016/2017,True,8856,Chimica,http://www.unibo.it/it/didattica/corsi-di-studio/corso/2016/8856,Bologna,Bologna,Scienze,Laurea Magistrale,2,Italiano Inglese,uno o più curricula internazionali,libero accesso con verifica dell'adeguatezza della preparazione
2016/2017,True,8857,Biologia marina,http://www.unibo.it/it/didattica/corsi-di-studio/corso/2016/8857,Ravenna,Ravenna,Scienze,Laurea Magistrale,2,Italiano,,libero accesso con verifica dell'adeguatezza della preparazione
2016/2017,False,8858,Economia e gestione aziendale,http://www.unibo.it/it/didattica/corsi-di-studio/corso/2016/8858,Forlì,Forlì,"Economia, Management e Statistica",Laurea Magistrale,2,Italiano Inglese,uno o più curricula internazionali,numero chiuso
2016/2017,True,8859,Biotecnologie mediche,http://www.unibo.it/it/didattica/corsi-di-studio/corso/2016/8859,Bologna,Bologna,Medicina e Chirurgia,Laurea Magistrale,2,Italiano,,libero accesso con verifica dell'adeguatezza della preparazione
2016/2017,True,8871,Economia aziendale,http://www.unibo.it/it/didattica/corsi-di-studio/corso/2016/8871,Bologna,Bologna,"Economia, Management e Statistica",Laurea,3,Italiano,,numero chiuso
2016/2017,True,8872,"Finanza, assicurazioni e impresa",http://www.unibo.it/it/didattica/corsi-di-studio/corso/2016/8872,Rimini,Rimini,"Economia, Management e Statistica",Laurea,3,Italiano,,libero accesso con verifica delle conoscenze
2016/2017,True,8873,Scienze statistiche,http://www.unibo.it/it/didattica/corsi-di-studio/corso/2016/8873,Bologna,Bologna,"Economia, Management e Statistica",Laurea,3,Italiano Inglese,uno o più curricula internazionali,libero accesso con verifica delle conoscenze
2016/2017,True,8874,"Language, society and communication ",http://www.unibo.it/it/didattica/corsi-di-studio/corso/2016/8874,Bologna,Bologna,"Lingue e Letterature, Traduzione e Interpretazione",Laurea Magistrale,2,Inglese,interamente internazionale,libero accesso con verifica dell'adeguatezza della preparazione
2016/2017,True,8875,Scienze statistiche,http://www.unibo.it/it/didattica/corsi-di-studio/corso/2016/8875,Bologna,Bologna,"Economia, Management e Statistica",Laurea Magistrale,2,Italiano,,libero accesso con verifica dell'adeguatezza della preparazione
2016/2017,True,8876,"Statistica, economia e impresa",http://www.unibo.it/it/didattica/corsi-di-studio/corso/2016/8876,Bologna,Bologna,"Economia, Management e Statistica",Laurea Magistrale,2,Italiano,,libero accesso con verifica dell'adeguatezza della preparazione
2016/2017,True,8877,"Scienze statistiche, finanziarie e attuariali",http://www.unibo.it/it/didattica/corsi-di-studio/corso/2016/8877,Rimini,Rimini,"Economia, Management e Statistica",Laurea Magistrale,2,Italiano,,libero accesso con verifica dell'adeguatezza della preparazione
2016/2017,True,8878,Scienze delle professioni sanitarie della prevenzione,http://www.unibo.it/it/didattica/corsi-di-studio/corso/2016/8878,Bologna,Imola,Medicina e Chirurgia,Laurea Magistrale,2,Italiano,,numero chiuso
2016/2017,True,8879,Assistenza sanitaria (abilitante alla professione sanitaria di assistente sanitario),http://www.unibo.it/it/didattica/corsi-di-studio/corso/2016/8879,Rimini,Rimini,Medicina e Chirurgia,Laurea,3,Italiano,,numero chiuso
2016/2017,True,8880,Health economics and management ,http://www.unibo.it/it/didattica/corsi-di-studio/corso/2016/8880,Bologna,Bologna,"Economia, Management e Statistica",Laurea Magistrale,2,Inglese,interamente internazionale,libero accesso con verifica dell'adeguatezza della preparazione
2016/2017,True,8882,Produzioni animali,http://www.unibo.it/it/didattica/corsi-di-studio/corso/2016/8882,Bologna,Bologna,Agraria e Medicina veterinaria,Laurea,3,Italiano,,numero chiuso
2016/2017,True,8883,International horticultural science ,http://www.unibo.it/it/didattica/corsi-di-studio/corso/2016/8883,Bologna,Bologna,Agraria e Medicina veterinaria,Laurea Magistrale,2,Inglese,interamente internazionale,libero accesso con verifica dell'adeguatezza della preparazione
2016/2017,True,8884,Scienze e tecnologie agrarie,http://www.unibo.it/it/didattica/corsi-di-studio/corso/2016/8884,Bologna,Bologna,Agraria e Medicina veterinaria,Laurea Magistrale,2,Italiano,,libero accesso con verifica dell'adeguatezza della preparazione
2016/2017,True,8885,Scienze della comunicazione,http://www.unibo.it/it/didattica/corsi-di-studio/corso/2016/8885,Bologna,Bologna,Lettere e Beni culturali,Laurea,3,Italiano,,libero accesso con verifica delle conoscenze
2016/2017,True,8886,Semiotica,http://www.unibo.it/it/didattica/corsi-di-studio/corso/2016/8886,Bologna,Bologna,Lettere e Beni culturali,Laurea Magistrale,2,Italiano,,libero accesso con verifica dell'adeguatezza della preparazione
2016/2017,True,8887,Ingegneria chimica e biochimica,http://www.unibo.it/it/didattica/corsi-di-studio/corso/2016/8887,Bologna,Bologna,Ingegneria e Architettura,Laurea,3,Italiano,,numero chiuso
2016/2017,True,8888,Ingegneria civile,http://www.unibo.it/it/didattica/corsi-di-studio/corso/2016/8888,Bologna,Bologna,Ingegneria e Architettura,Laurea,3,Italiano,,numero chiuso
2016/2017,True,8889,"Cooperazione internazionale, tutela dei diritti umani e dei beni etno-culturali",http://www.unibo.it/it/didattica/corsi-di-studio/corso/2016/8889,Ravenna,Ravenna,Scienze politiche,Laurea Magistrale,2,Italiano,,libero accesso con verifica dell'adeguatezza della preparazione
2016/2017,True,8890,Sviluppo e cooperazione internazionale,http://www.unibo.it/it/didattica/corsi-di-studio/corso/2016/8890,Bologna,Bologna,Scienze politiche,Laurea,3,Italiano,,libero accesso con verifica delle conoscenze
2016/2017,True,8891,Automation engineering ,http://www.unibo.it/it/didattica/corsi-di-studio/corso/2016/8891,Bologna,Bologna,Ingegneria e Architettura,Laurea Magistrale,2,Inglese,interamente internazionale,libero accesso con verifica dell'adeguatezza della preparazione
2016/2017,True,8894,Ingegneria per l'ambiente e il territorio,http://www.unibo.it/it/didattica/corsi-di-studio/corso/2016/8894,Bologna,Bologna,Ingegneria e Architettura,Laurea Magistrale,2,Italiano Inglese,uno o più curricula internazionali,libero accesso con verifica dell'adeguatezza della preparazione
2016/2017,True,8895,Civil engineering,http://www.unibo.it/it/didattica/corsi-di-studio/corso/2016/8895,Bologna,Bologna,Ingegneria e Architettura,Laurea Magistrale,2,Inglese,interamente internazionale,libero accesso con verifica dell'adeguatezza della preparazione
2016/2017,True,8896,Ingegneria chimica e di processo,http://www.unibo.it/it/didattica/corsi-di-studio/corso/2016/8896,Bologna,Bologna,Ingegneria e Architettura,Laurea Magistrale,2,Italiano Inglese,uno o più curricula internazionali,libero accesso con verifica dell'adeguatezza della preparazione
2016/2017,True,8965,Business and economics,http://www.unibo.it/it/didattica/corsi-di-studio/corso/2016/8965,Bologna,Bologna,"Economia, Management e Statistica",Laurea,3,Inglese,interamente internazionale,numero chiuso
2016/2017,True,9021,Advanced design,http://www.unibo.it/it/didattica/corsi-di-studio/corso/2016/9021,Bologna,Bologna,Ingegneria e Architettura,Laurea Magistrale,2,Italiano,,numero chiuso
2016/2017,True,9022,Fashion culture and management,http://www.unibo.it/it/didattica/corsi-di-studio/corso/2016/9022,Rimini,Rimini,Lettere e Beni culturali,Laurea Magistrale,2,Inglese,interamente internazionale,libero accesso con verifica dell'adeguatezza della preparazione
2016/2017,True,9174,Specialized translation,http://www.unibo.it/it/didattica/corsi-di-studio/corso/2016/9174,Forlì,Forlì,"Lingue e Letterature, Traduzione e Interpretazione",Laurea Magistrale,2,Inglese,interamente internazionale,numero chiuso
2016/2017,True,9198,Ingegneria per l'ambiente e il territorio,http://www.unibo.it/it/didattica/corsi-di-studio/corso/2016/9198,Bologna,Bologna,Ingegneria e Architettura,Laurea,3,Italiano,,numero chiuso
2016/2017,True,9199,Ingegneria edile,http://www.unibo.it/it/didattica/corsi-di-studio/corso/2016/9199,Ravenna,Ravenna,Ingegneria e Architettura,Laurea,3,Italiano,,numero chiuso
2016/2017,True,9200,Sviluppo locale e globale,http://www.unibo.it/it/didattica/corsi-di-studio/corso/2016/9200,Bologna,Bologna,Scienze politiche,Laurea Magistrale,2,Italiano,,libero accesso con verifica dell'adeguatezza della preparazione
2016/2017,True,9201,Ostetricia (abilitante alla professione sanitaria di ostetrica,http://www.unibo.it/it/didattica/corsi-di-studio/corso/2016/9201,Bologna,Bologna,Medicina e Chirurgia,Laurea,3,Italiano,,numero chiuso
2016/2017,True,9202,Economia e commercio,http://www.unibo.it/it/didattica/corsi-di-studio/corso/2016/9202,Forlì,Forlì,"Economia, Management e Statistica",Laurea,3,Italiano Inglese,uno o più curricula internazionali,numero chiuso
2016/2017,True,9203,Economia e management,http://www.unibo.it/it/didattica/corsi-di-studio/corso/2016/9203,Forlì,Forlì,"Economia, Management e Statistica",Laurea Magistrale,2,Italiano Inglese,uno o più curricula internazionali,numero chiuso
2016/2017,True,9205,Telecommunications engineering,http://www.unibo.it/it/didattica/corsi-di-studio/corso/2016/9205,Bologna,Bologna,Ingegneria e Architettura,Laurea Magistrale,2,Inglese,interamente internazionale,libero accesso con verifica dell'adeguatezza della preparazione
2016/2017,True,9206,Pedagogia,http://www.unibo.it/it/didattica/corsi-di-studio/corso/2016/9206,Bologna,Bologna,Psicologia e Scienze della Formazione,Laurea Magistrale,2,Italiano,,numero chiuso
